Code,Event Name,Remedial Service Type,Service Description,Industry NAICS,All_Attack_Freq_2025,All_Attack_Freq_2026,All_Attack_Freq_2027,All_Attack_Freq_2028,All_Attack_Freq_2029,All_Attack_Freq_2030,Event_Freq_2025,Event_Freq_2026,Event_Freq_2027,Event_Freq_2028,Event_Freq_2029,Event_Freq_2030,Uptake_Prob_2025,Uptake_Prob_2026,Uptake_Prob_2027,Uptake_Prob_2028,Uptake_Prob_2029,Uptake_Prob_2030,Cost_2025,Cost_2026,Cost_2027,Cost_2028,Cost_2029,Cost_2030
RN.01,Ransomware with Triple Extortion,Forensics,"Root cause analysis, malware reverse engineering.",11,0.25,0.36,0.28,0.29,0.33,0.32,0.0971,0.0868,0.0636,0.072,0.0532,0.0902,0.91,0.86,0.85,0.86,0.94,0.94,1828410,1406669,1494992,1789181,1979133,1751164
RN.01,Ransomware with Triple Extortion,Legal Support,"Ransom negotiations (if policy allows), compliance (e.g., GDPR fines).",11,0.25,0.21,0.4,0.26,0.37,0.25,0.0735,0.069,0.0625,0.0854,0.0841,0.0873,0.72,0.85,0.87,0.89,0.85,0.79,2371134,2038568,1134931,1405269,2435348,1982079
RN.01,Ransomware with Triple Extortion,Negotiation,"Ransom negotiations (if policy allows), compliance (e.g., GDPR fines).",11,0.33,0.34,0.35,0.32,0.33,0.25,0.0802,0.0976,0.0937,0.0981,0.0923,0.0868,0.42,0.49,0.58,0.52,0.53,0.44,2336396,1913788,901560,1321892,2360143,1153821
RN.01,Ransomware with Triple Extortion,Recovery,"Decryption/backups, system rebuilds; downtime recovery.",11,0.31,0.2,0.23,0.22,0.22,0.37,0.0896,0.0559,0.0776,0.0928,0.0646,0.0758,0.94,0.95,0.92,0.97,0.9,0.95,4689844,5663062,3715185,3992944,3769879,4247742
CP.01,"Cyber-Physical Disruption (e.g., Stuxnet-like)",Forensics,"OT malware analysis, physical impact assessment.",11,0.25,0.16,0.17,0.15,0.13,0.13,0.0067,0.0061,0.0093,0.0055,0.0074,0.0079,0.8,0.87,0.94,0.84,0.88,0.92,2974445,2997200,3346158,2849165,2564834,2722963
CP.01,"Cyber-Physical Disruption (e.g., Stuxnet-like)",Legal Support,"Critical infra regulations (e.g., CISA), potential state actor involvement.",11,0.19,0.15,0.16,0.12,0.2,0.28,0.0099,0.0099,0.0089,0.0051,0.0079,0.007,0.87,0.75,0.76,0.89,0.79,0.84,2743519,3604567,3875354,3716791,3454112,2045068
CP.01,"Cyber-Physical Disruption (e.g., Stuxnet-like)",Negotiation,"Critical infra regulations (e.g., CISA), potential state actor involvement.",11,0.15,0.25,0.12,0.2,0.13,0.19,0.0071,0.006,0.0096,0.0057,0.0091,0.0094,0.51,0.52,0.45,0.56,0.4,0.51,2379237,2413312,2279336,3344338,2100609,2868306
CP.01,"Cyber-Physical Disruption (e.g., Stuxnet-like)",Recovery,"Physical repairs, IT/OT segmentation.",11,0.16,0.26,0.16,0.22,0.25,0.3,0.0065,0.007,0.0069,0.0069,0.0056,0.0053,0.91,0.97,0.98,0.95,0.91,0.96,8396663,11789554,9109866,9843236,11168231,9516243
AP.01,Advanced Persistent Threat (APT) on Critical Infrastructure,Forensics,"APT hunt (e.g., indicators from MITRE), attribution analysis.",21,0.5,0.45,0.46,0.43,0.58,0.5,0.0169,0.0121,0.0231,0.0152,0.0204,0.0264,0.86,0.8,0.94,0.84,0.8,0.85,2963746,2437896,2008405,2884645,2470645,2479692
AP.01,Advanced Persistent Threat (APT) on Critical Infrastructure,Legal Support,"International coordination, CISA reporting.",21,0.59,0.48,0.6,0.52,0.43,0.56,0.0152,0.0287,0.0241,0.0194,0.0238,0.0138,0.84,0.8,0.73,0.83,0.85,0.84,2006097,2486082,1961787,2406225,2308717,2403717
AP.01,Advanced Persistent Threat (APT) on Critical Infrastructure,Negotiation,"International coordination, CISA reporting.",21,0.56,0.52,0.59,0.44,0.44,0.53,0.0135,0.0194,0.0157,0.0284,0.0289,0.0107,0.55,0.58,0.54,0.42,0.41,0.54,1689263,1839042,2102128,2345337,1906378,2358254
AP.01,Advanced Persistent Threat (APT) on Critical Infrastructure,Recovery,"Infrastructure rebuild, resilience upgrades.",21,0.49,0.45,0.48,0.41,0.52,0.41,0.0182,0.0183,0.0115,0.021,0.0273,0.0275,0.9,0.94,0.94,0.95,0.95,0.97,5872246,6344562,6412762,6089708,5584263,5557282
AP.01,Advanced Persistent Threat (APT) on Critical Infrastructure,Forensics,"APT hunt (e.g., indicators from MITRE), attribution analysis.",22,0.77,0.75,0.78,0.68,0.68,0.74,0.0137,0.0164,0.0156,0.0107,0.0282,0.0187,0.85,0.93,0.9,0.86,0.8,0.92,2039315,2177137,2067323,2703872,2575497,2364679
AP.01,Advanced Persistent Threat (APT) on Critical Infrastructure,Legal Support,"International coordination, CISA reporting.",22,0.66,0.72,0.7,0.77,0.75,0.72,0.0141,0.0191,0.0214,0.0249,0.0193,0.0133,0.89,0.77,0.79,0.76,0.89,0.89,1829932,1514490,2238741,1642408,1543431,2064094
AP.01,Advanced Persistent Threat (APT) on Critical Infrastructure,Negotiation,"International coordination, CISA reporting.",22,0.78,0.62,0.79,0.66,0.69,0.72,0.0194,0.0121,0.0272,0.0286,0.0206,0.0236,0.59,0.5,0.47,0.5,0.53,0.4,2370011,1726122,1957481,2235623,1958599,2037039
AP.01,Advanced Persistent Threat (APT) on Critical Infrastructure,Recovery,"Infrastructure rebuild, resilience upgrades.",22,0.68,0.76,0.65,0.62,0.72,0.63,0.0151,0.0185,0.0264,0.0268,0.0248,0.0208,0.91,0.9,0.97,0.92,0.9,0.93,5934054,6270580,6183189,5519831,5660174,6315964
CP.01,"Cyber-Physical Disruption (e.g., Stuxnet-like)",Forensics,"OT malware analysis, physical impact assessment.",22,0.69,0.75,0.76,0.75,0.7,0.63,0.0099,0.0096,0.0055,0.0099,0.0067,0.0085,0.81,0.84,0.91,0.81,0.95,0.86,2529842,3637595,2784150,3127454,2564608,3296173
CP.01,"Cyber-Physical Disruption (e.g., Stuxnet-like)",Legal Support,"Critical infra regulations (e.g., CISA), potential state actor involvement.",22,0.71,0.64,0.62,0.7,0.7,0.61,0.006,0.0065,0.008,0.0068,0.005,0.0056,0.76,0.77,0.75,0.81,0.71,0.79,2782364,3804863,3759873,3226811,3857560,3106420
CP.01,"Cyber-Physical Disruption (e.g., Stuxnet-like)",Negotiation,"Critical infra regulations (e.g., CISA), potential state actor involvement.",22,0.72,0.76,0.67,0.78,0.71,0.64,0.0072,0.0053,0.0053,0.0083,0.0054,0.0071,0.48,0.52,0.56,0.43,0.58,0.54,3012475,2816205,2855780,2748069,2301667,2401352
CP.01,"Cyber-Physical Disruption (e.g., Stuxnet-like)",Recovery,"Physical repairs, IT/OT segmentation.",22,0.65,0.68,0.7,0.71,0.7,0.65,0.0055,0.0091,0.0059,0.0096,0.0087,0.007,0.92,0.95,0.95,0.96,0.95,0.97,10253056,11788489,10420641,11294731,11044663,9906640
SB.01,Satellite/5G Backhaul Sabotage,Forensics,"Signal interference analysis, attacker attribution.",22,0.13,0.22,0.27,0.15,0.27,0.18,0.0099,0.0073,0.0085,0.0096,0.0082,0.0096,0.81,0.87,0.91,0.81,0.86,0.88,2956339,2163139,2534842,2452312,2546495,2333557
SB.01,Satellite/5G Backhaul Sabotage,Legal Support,"International space law, FCC compliance.",22,0.29,0.14,0.17,0.3,0.1,0.19,0.005,0.0092,0.009,0.0061,0.007,0.0069,0.88,0.86,0.83,0.87,0.81,0.8,2493304,1813204,2100438,2087157,1992518,2378738
SB.01,Satellite/5G Backhaul Sabotage,Negotiation,"International space law, FCC compliance.",22,0.26,0.15,0.12,0.13,0.11,0.27,0.006,0.0092,0.0068,0.0071,0.0076,0.0081,0.51,0.53,0.46,0.46,0.59,0.57,1766363,1994398,1856786,2492965,2223949,1660040
SB.01,Satellite/5G Backhaul Sabotage,Recovery,"Backup networks, signal hardening.",22,0.25,0.23,0.22,0.11,0.27,0.14,0.0076,0.0055,0.0088,0.0066,0.0079,0.0075,0.96,0.92,0.92,0.96,0.92,0.96,7044651,8329772,7338789,7580217,8824698,8656394
SC.01,Supply Chain Compromise (Software Vendor),Forensics,"Trace compromise across supply chain (e.g., code audits, vendor logs analysis); requires specialized tools like blockchain-led provenance checkers.",23,0.17,0.17,0.15,0.2,0.1,0.11,0.0363,0.0492,0.0416,0.0314,0.0395,0.0336,0.83,0.95,0.9,0.87,0.89,0.9,3830315,3101075,2035275,2887705,2066977,3031521
SC.01,Supply Chain Compromise (Software Vendor),Legal Support,"Vendor liability assessments, regulatory notifications (e.g., SEC filings), potential lawsuits.",23,0.2,0.11,0.18,0.15,0.15,0.17,0.0393,0.0306,0.042,0.0427,0.0308,0.0434,0.87,0.84,0.72,0.87,0.76,0.74,1863268,1635853,2340518,2406483,2287658,2944007
SC.01,Supply Chain Compromise (Software Vendor),Negotiation,"Vendor liability assessments, regulatory notifications (e.g., SEC filings), potential lawsuits.",23,0.17,0.11,0.19,0.18,0.18,0.11,0.0407,0.0345,0.0328,0.0403,0.0349,0.0336,0.58,0.42,0.45,0.59,0.55,0.46,2355737,1786980,1798907,2532776,2829609,2566424
SC.01,Supply Chain Compromise (Software Vendor),Recovery,"Full software rollback, patching, and supplier diversification; downtime heavy.",23,0.12,0.12,0.13,0.18,0.14,0.13,0.0481,0.045,0.0424,0.038,0.035,0.0348,0.94,0.91,0.97,0.9,0.95,0.96,10517162,8939774,6977050,7563426,6641684,7303128
CM.01,Cloud Misconfiguration Leading to Massive Breach,Forensics,"Config audits, exfiltration tracing.",23,0.8,0.66,0.7,0.77,0.66,0.75,0.0614,0.0626,0.0629,0.0949,0.0733,0.0904,0.91,0.84,0.9,0.94,0.92,0.8,1345342,1126856,1174255,1424954,1129992,1417500
CM.01,Cloud Misconfiguration Leading to Massive Breach,Legal Support,"Breach notifications, fines (e.g., GDPR).",23,0.72,0.73,0.66,0.71,0.73,0.78,0.0664,0.0613,0.0859,0.0886,0.0535,0.0521,0.81,0.88,0.72,0.85,0.75,0.81,1338984,917716,1301142,972579,1348622,1248286
CM.01,Cloud Misconfiguration Leading to Massive Breach,Negotiation,"Breach notifications, fines (e.g., GDPR).",23,0.78,0.79,0.7,0.63,0.73,0.73,0.0979,0.0559,0.0919,0.0684,0.0881,0.0666,0.49,0.47,0.42,0.59,0.45,0.56,1048107,1223798,1059842,1063000,1154695,1117106
CM.01,Cloud Misconfiguration Leading to Massive Breach,Recovery,"Reconfigure, data restoration.",23,0.78,0.61,0.74,0.74,0.78,0.65,0.078,0.0516,0.0506,0.0548,0.0768,0.0887,0.91,0.92,0.97,0.97,0.97,0.95,3898777,3504990,3306104,3202507,3441366,3935426
ZD.01,Zero-Day Exploit in Niche Software,Forensics,"Exploit reverse engineering, vuln hunting.",23,0.09,0.1,0.11,0.12,0.08,0.11,0.0119,0.0124,0.0184,0.0148,0.0136,0.0165,0.84,0.83,0.85,0.95,0.81,0.89,1875003,1939629,1809170,1747596,1839959,1727003
ZD.01,Zero-Day Exploit in Niche Software,Legal Support,"Vendor disputes, breach reporting.",23,0.14,0.05,0.08,0.13,0.13,0.13,0.0105,0.0178,0.0135,0.0105,0.0165,0.0113,0.88,0.76,0.9,0.72,0.9,0.77,1319473,1049597,1381684,1351943,1109739,1038734
ZD.01,Zero-Day Exploit in Niche Software,Negotiation,"Vendor disputes, breach reporting.",23,0.14,0.1,0.09,0.09,0.05,0.09,0.0191,0.0195,0.0175,0.0196,0.0107,0.0187,0.55,0.47,0.53,0.53,0.49,0.48,1255520,1354346,1121191,1388092,1411121,1423275
ZD.01,Zero-Day Exploit in Niche Software,Recovery,"Custom patching, system scans.",23,0.08,0.13,0.08,0.06,0.1,0.1,0.0108,0.013,0.0174,0.0172,0.0197,0.0193,0.98,0.97,0.98,0.94,0.91,0.94,5295817,5279422,4995477,4562362,4918086,5416964
BC.01,Blockchain/Crypto-Jacking in DeFi,Forensics,"Blockchain transaction tracing (e.g., Chainalysis tools).",23,0.11,0.27,0.12,0.17,0.29,0.25,0.0146,0.0158,0.0117,0.0239,0.0227,0.0242,0.81,0.92,0.91,0.86,0.84,0.93,1490544,2089821,2765159,1122015,1116186,2745233
BC.01,Blockchain/Crypto-Jacking in DeFi,Legal Support,"Crypto recovery lawsuits, SEC compliance.",23,0.29,0.19,0.26,0.17,0.23,0.13,0.0237,0.0253,0.0145,0.0218,0.0147,0.0216,0.86,0.85,0.71,0.79,0.89,0.72,1756709,2857731,2910712,3111466,3372915,1292733
BC.01,Blockchain/Crypto-Jacking in DeFi,Negotiation,"Crypto recovery lawsuits, SEC compliance.",23,0.2,0.29,0.26,0.24,0.21,0.27,0.0226,0.0276,0.0137,0.0285,0.0132,0.0148,0.42,0.43,0.53,0.56,0.57,0.53,1053898,2669108,3340310,3532936,1099000,2225570
BC.01,Blockchain/Crypto-Jacking in DeFi,Recovery,"Protocol forks, fund reimbursements.",23,0.2,0.21,0.14,0.3,0.18,0.17,0.0188,0.0276,0.0289,0.0289,0.023,0.0143,0.9,0.93,0.96,0.97,0.93,0.95,6649620,7615940,7098519,7660160,4344250,3732293
SC.01,Supply Chain Compromise (Software Vendor),Forensics,"Trace compromise across supply chain (e.g., code audits, vendor logs analysis); requires specialized tools like blockchain-led provenance checkers.",31,0.16,0.14,0.16,0.12,0.15,0.19,0.0317,0.0478,0.0423,0.0312,0.0431,0.0347,0.91,0.87,0.86,0.89,0.88,0.8,2932455,3835133,3704532,2410034,2844056,2674595
SC.01,Supply Chain Compromise (Software Vendor),Legal Support,"Vendor liability assessments, regulatory notifications (e.g., SEC filings), potential lawsuits.",31,0.13,0.11,0.19,0.16,0.14,0.12,0.0346,0.044,0.0313,0.0374,0.0315,0.0385,0.73,0.74,0.77,0.89,0.89,0.81,2847859,2885969,1671634,2260918,2625160,1504781
SC.01,Supply Chain Compromise (Software Vendor),Negotiation,"Vendor liability assessments, regulatory notifications (e.g., SEC filings), potential lawsuits.",31,0.18,0.16,0.16,0.19,0.17,0.12,0.0482,0.042,0.0448,0.0346,0.0406,0.0303,0.45,0.45,0.43,0.42,0.4,0.55,2407089,2463660,2953118,1927701,1806774,1762497
SC.01,Supply Chain Compromise (Software Vendor),Recovery,"Full software rollback, patching, and supplier diversification; downtime heavy.",31,0.13,0.19,0.11,0.15,0.2,0.13,0.0499,0.0368,0.0347,0.0363,0.045,0.0367,0.98,0.98,0.93,0.96,0.97,0.93,9780197,10692946,9794244,8907560,9763923,10554858
IO.01,IoT/OT Zero-Day Exploitation,Forensics,"Device log analysis, zero-day reverse engineering.",31,0.11,0.1,0.15,0.1,0.1,0.15,0.0143,0.019,0.0174,0.0148,0.0163,0.0191,0.88,0.85,0.81,0.89,0.89,0.83,1204796,1282297,1242051,1545495,1641901,1566144
IO.01,IoT/OT Zero-Day Exploitation,Legal Support,"Compliance with ICS standards (e.g., IEC 62443).",31,0.06,0.06,0.05,0.05,0.13,0.14,0.0163,0.0115,0.0139,0.0135,0.0112,0.0168,0.8,0.9,0.71,0.76,0.89,0.82,1496951,1425252,1327646,1176263,1400249,1127568
IO.01,IoT/OT Zero-Day Exploitation,Negotiation,"Compliance with ICS standards (e.g., IEC 62443).",31,0.11,0.12,0.08,0.08,0.12,0.12,0.0198,0.0188,0.0106,0.0185,0.0111,0.0137,0.53,0.43,0.49,0.49,0.51,0.42,1000914,1396793,1133928,1137436,1466986,1382543
IO.01,IoT/OT Zero-Day Exploitation,Recovery,"Patch/firmware updates, device replacement.",31,0.12,0.07,0.12,0.13,0.15,0.13,0.0168,0.014,0.0137,0.0199,0.0141,0.0193,0.91,0.95,0.91,0.97,0.95,0.97,4235061,4377988,4382146,4588736,4630053,4171489
EC.01,Edge Computing Exploit (Zero-Day in Distributed Systems),Forensics,"Edge network logs, exploit reconstruction.",31,0.17,0.07,0.15,0.14,0.13,0.17,0.0294,0.014,0.0114,0.0112,0.0221,0.0232,0.84,0.93,0.92,0.89,0.93,0.93,1590605,2382075,2299050,1615401,1865210,2202297
EC.01,Edge Computing Exploit (Zero-Day in Distributed Systems),Legal Support,Compliance with data protection laws.,31,0.12,0.06,0.08,0.19,0.14,0.09,0.0256,0.0238,0.0298,0.0202,0.0141,0.0145,0.74,0.78,0.85,0.83,0.74,0.84,1303918,1486359,1052795,1104020,1484239,1446514
EC.01,Edge Computing Exploit (Zero-Day in Distributed Systems),Negotiation,Compliance with data protection laws.,31,0.12,0.09,0.19,0.13,0.18,0.09,0.0101,0.0217,0.0101,0.0242,0.0107,0.0248,0.52,0.5,0.58,0.49,0.47,0.49,1178038,1021766,1047835,1473578,1036977,1103300
EC.01,Edge Computing Exploit (Zero-Day in Distributed Systems),Recovery,"Firmware updates, edge reconfiguration.",31,0.17,0.1,0.1,0.07,0.06,0.14,0.0116,0.0273,0.0115,0.0231,0.0262,0.0117,0.9,0.91,0.91,0.97,0.96,0.91,4549695,4703121,4551954,5084132,4590548,5286169
SC.01,Supply Chain Compromise (Software Vendor),Forensics,"Trace compromise across supply chain (e.g., code audits, vendor logs analysis); requires specialized tools like blockchain-led provenance checkers.",32,0.16,0.2,0.19,0.14,0.11,0.19,0.0458,0.0434,0.0373,0.0366,0.0385,0.0486,0.83,0.93,0.88,0.81,0.87,0.91,3499649,2354807,3741913,3775834,2766973,3384907
SC.01,Supply Chain Compromise (Software Vendor),Legal Support,"Vendor liability assessments, regulatory notifications (e.g., SEC filings), potential lawsuits.",32,0.13,0.15,0.1,0.16,0.11,0.12,0.044,0.0347,0.0356,0.0402,0.048,0.0479,0.83,0.81,0.76,0.81,0.78,0.8,1991017,2761695,1530358,2094289,1873324,1596784
SC.01,Supply Chain Compromise (Software Vendor),Negotiation,"Vendor liability assessments, regulatory notifications (e.g., SEC filings), potential lawsuits.",32,0.18,0.2,0.12,0.12,0.12,0.15,0.045,0.0309,0.03,0.0309,0.0446,0.0305,0.5,0.43,0.43,0.46,0.46,0.48,2422749,2584489,1579844,2864714,1925052,2834519
SC.01,Supply Chain Compromise (Software Vendor),Recovery,"Full software rollback, patching, and supplier diversification; downtime heavy.",32,0.14,0.14,0.15,0.18,0.16,0.12,0.0342,0.0466,0.0362,0.0419,0.0458,0.0352,0.93,0.92,0.96,0.94,0.96,0.93,10709673,7663826,8977144,7795666,10729468,9310026
IO.01,IoT/OT Zero-Day Exploitation,Forensics,"Device log analysis, zero-day reverse engineering.",32,0.06,0.12,0.05,0.12,0.07,0.15,0.0182,0.0143,0.0193,0.0129,0.0178,0.0174,0.92,0.89,0.85,0.86,0.91,0.84,1721546,1774667,1224077,1575810,1770047,1768861
IO.01,IoT/OT Zero-Day Exploitation,Legal Support,"Compliance with ICS standards (e.g., IEC 62443).",32,0.1,0.09,0.14,0.13,0.14,0.06,0.0162,0.0184,0.0108,0.011,0.0151,0.0173,0.89,0.84,0.8,0.81,0.78,0.84,1000177,1019326,1063859,1114380,1434768,1268648
IO.01,IoT/OT Zero-Day Exploitation,Negotiation,"Compliance with ICS standards (e.g., IEC 62443).",32,0.1,0.15,0.11,0.07,0.12,0.09,0.0144,0.0199,0.0136,0.0185,0.015,0.0147,0.57,0.58,0.45,0.46,0.48,0.53,1435701,1297102,1145208,1371369,1246220,1387242
IO.01,IoT/OT Zero-Day Exploitation,Recovery,"Patch/firmware updates, device replacement.",32,0.09,0.08,0.14,0.12,0.06,0.11,0.02,0.0151,0.0164,0.0182,0.0175,0.0131,0.93,0.9,0.94,0.91,0.98,0.97,4136066,4468998,4115551,3842758,4621482,3814195
EC.01,Edge Computing Exploit (Zero-Day in Distributed Systems),Forensics,"Edge network logs, exploit reconstruction.",32,0.05,0.06,0.14,0.09,0.07,0.15,0.026,0.0184,0.0274,0.0195,0.0161,0.0227,0.87,0.85,0.9,0.83,0.88,0.84,2223097,2307002,2495097,2091933,2225374,1505579
EC.01,Edge Computing Exploit (Zero-Day in Distributed Systems),Legal Support,Compliance with data protection laws.,32,0.13,0.19,0.19,0.05,0.08,0.05,0.0294,0.0117,0.0143,0.0132,0.0265,0.0245,0.8,0.8,0.83,0.89,0.73,0.86,1076657,1236405,1372470,1074682,1462992,1188151
EC.01,Edge Computing Exploit (Zero-Day in Distributed Systems),Negotiation,Compliance with data protection laws.,32,0.13,0.15,0.19,0.09,0.06,0.16,0.0205,0.022,0.0121,0.0214,0.0227,0.0135,0.53,0.41,0.52,0.5,0.47,0.48,1344084,1017100,1191237,1068434,1363954,1076912
EC.01,Edge Computing Exploit (Zero-Day in Distributed Systems),Recovery,"Firmware updates, edge reconfiguration.",32,0.09,0.11,0.16,0.16,0.19,0.13,0.0236,0.0278,0.0261,0.0166,0.0226,0.0144,0.9,0.91,0.96,0.93,0.93,0.96,5462593,5026696,5486346,4841193,5285834,5072631
SC.01,Supply Chain Compromise (Software Vendor),Forensics,"Trace compromise across supply chain (e.g., code audits, vendor logs analysis); requires specialized tools like blockchain-led provenance checkers.",33,0.18,0.13,0.11,0.18,0.13,0.11,0.0486,0.0329,0.0438,0.0388,0.048,0.0357,0.8,0.89,0.85,0.87,0.94,0.81,2109622,2870943,2990589,3285299,3475639,2883467
SC.01,Supply Chain Compromise (Software Vendor),Legal Support,"Vendor liability assessments, regulatory notifications (e.g., SEC filings), potential lawsuits.",33,0.17,0.14,0.19,0.11,0.15,0.12,0.0325,0.0422,0.0323,0.0467,0.0312,0.0424,0.84,0.75,0.84,0.86,0.9,0.74,1519896,1550495,2491494,2060629,1875963,2305064
SC.01,Supply Chain Compromise (Software Vendor),Negotiation,"Vendor liability assessments, regulatory notifications (e.g., SEC filings), potential lawsuits.",33,0.17,0.12,0.13,0.14,0.19,0.18,0.0384,0.0437,0.0371,0.0493,0.0393,0.0323,0.54,0.52,0.49,0.41,0.57,0.5,1755344,2197525,1814833,2009022,2735213,2799659
SC.01,Supply Chain Compromise (Software Vendor),Recovery,"Full software rollback, patching, and supplier diversification; downtime heavy.",33,0.14,0.19,0.11,0.12,0.12,0.12,0.0387,0.0488,0.0494,0.0404,0.0321,0.048,0.96,0.96,0.93,0.92,0.98,0.92,8856917,10501738,7350549,10890432,9707433,10863593
IO.01,IoT/OT Zero-Day Exploitation,Forensics,"Device log analysis, zero-day reverse engineering.",33,0.15,0.06,0.05,0.15,0.09,0.14,0.0143,0.0153,0.0137,0.0106,0.0112,0.015,0.93,0.86,0.94,0.88,0.81,0.8,1469860,1757303,1262513,1638782,1468492,1506950
IO.01,IoT/OT Zero-Day Exploitation,Legal Support,"Compliance with ICS standards (e.g., IEC 62443).",33,0.06,0.11,0.08,0.11,0.09,0.11,0.0139,0.0167,0.0108,0.0181,0.0126,0.0138,0.76,0.75,0.85,0.77,0.84,0.7,1162571,1087424,1122336,1412659,1248753,1186012
IO.01,IoT/OT Zero-Day Exploitation,Negotiation,"Compliance with ICS standards (e.g., IEC 62443).",33,0.14,0.11,0.05,0.09,0.08,0.1,0.0185,0.0184,0.0157,0.0135,0.0107,0.0124,0.6,0.48,0.54,0.4,0.42,0.47,1297476,1236876,1320560,1082399,1210660,1186862
IO.01,IoT/OT Zero-Day Exploitation,Recovery,"Patch/firmware updates, device replacement.",33,0.07,0.14,0.09,0.08,0.14,0.06,0.0141,0.0196,0.0188,0.0181,0.0185,0.0178,0.9,0.94,0.91,0.94,0.95,0.96,4581287,4031871,3850929,4259004,4520613,4255489
EC.01,Edge Computing Exploit (Zero-Day in Distributed Systems),Forensics,"Edge network logs, exploit reconstruction.",33,0.06,0.12,0.18,0.08,0.05,0.07,0.0108,0.0193,0.0105,0.0262,0.0112,0.0268,0.91,0.94,0.84,0.83,0.91,0.92,2014723,2069994,2394222,1693777,1990643,1754151
EC.01,Edge Computing Exploit (Zero-Day in Distributed Systems),Legal Support,Compliance with data protection laws.,33,0.15,0.08,0.09,0.2,0.18,0.17,0.0225,0.0173,0.0283,0.0195,0.0152,0.019,0.77,0.82,0.79,0.83,0.7,0.77,1443443,1259959,1135892,1031166,1422091,1435278
EC.01,Edge Computing Exploit (Zero-Day in Distributed Systems),Negotiation,Compliance with data protection laws.,33,0.1,0.13,0.13,0.15,0.14,0.12,0.02,0.0141,0.0255,0.0135,0.014,0.0273,0.42,0.55,0.41,0.44,0.43,0.57,1403670,1113753,1436829,1199545,1286584,1260130
EC.01,Edge Computing Exploit (Zero-Day in Distributed Systems),Recovery,"Firmware updates, edge reconfiguration.",33,0.09,0.17,0.11,0.15,0.2,0.09,0.0212,0.0122,0.0257,0.0225,0.0277,0.0109,0.95,0.98,0.97,0.91,0.92,0.96,4713502,4927831,4710093,4913465,5234343,5028910
QC.01,Quantum Computing Crypto Break,Forensics,"Quantum-resistant analysis of broken keys, breach tracing.",42,0.01,0.01,0,0.01,0,0,0.0008,0.0005,0.0002,0.0004,0.0008,0.0001,0.88,0.88,0.92,0.91,0.84,0.88,4127360,4269426,3324491,3586817,3003666,4019893
QC.01,Quantum Computing Crypto Break,Legal Support,"Data protection lawsuits, regulatory audits (e.g., NIST post-quantum standards).",42,0,0.01,0,0.01,0.01,0.01,0.0005,0.0005,0.0006,0.0004,0.0008,0.0006,0.78,0.74,0.77,0.89,0.9,0.87,3580584,2490127,3663030,3898750,3738549,2317953
QC.01,Quantum Computing Crypto Break,Negotiation,"Data protection lawsuits, regulatory audits (e.g., NIST post-quantum standards).",42,0.01,0.01,0.01,0,0.01,0.01,0.0009,0.0006,0.0009,0.0002,0.0005,0,0.41,0.49,0.41,0.41,0.5,0.4,2748709,2096992,3023605,2166627,3758937,2273603
QC.01,Quantum Computing Crypto Break,Recovery,"Migrate to quantum-safe crypto (e.g., lattice-based).",42,0.01,0,0.01,0.01,0,0,0.0007,0.0009,0.0003,0,0.0005,0,0.93,0.92,0.97,0.96,0.95,0.93,12350639,14230928,10504429,14193565,13695200,13199000
SC.01,Supply Chain Compromise (Software Vendor),Forensics,"Trace compromise across supply chain (e.g., code audits, vendor logs analysis); requires specialized tools like blockchain-led provenance checkers.",44,0.16,0.14,0.17,0.16,0.11,0.18,0.0338,0.0408,0.0433,0.0449,0.0368,0.0349,0.93,0.95,0.94,0.81,0.89,0.85,2836603,3746840,3230263,3343512,2184352,3010619
SC.01,Supply Chain Compromise (Software Vendor),Legal Support,"Vendor liability assessments, regulatory notifications (e.g., SEC filings), potential lawsuits.",44,0.17,0.1,0.16,0.11,0.19,0.14,0.0418,0.0499,0.035,0.0343,0.0328,0.0343,0.77,0.89,0.88,0.73,0.86,0.8,1968266,1956329,2324884,1663297,2624379,2116156
SC.01,Supply Chain Compromise (Software Vendor),Negotiation,"Vendor liability assessments, regulatory notifications (e.g., SEC filings), potential lawsuits.",44,0.18,0.18,0.2,0.2,0.14,0.15,0.0357,0.0301,0.0326,0.0449,0.0452,0.0374,0.58,0.44,0.46,0.46,0.49,0.54,2410651,2358426,2903682,1629065,2047218,2583759
SC.01,Supply Chain Compromise (Software Vendor),Recovery,"Full software rollback, patching, and supplier diversification; downtime heavy.",44,0.15,0.19,0.17,0.12,0.18,0.19,0.0423,0.0352,0.0454,0.039,0.0498,0.047,0.91,0.92,0.94,0.93,0.92,0.97,7367136,9129629,8822148,7227799,7910350,7496682
CM.01,Cloud Misconfiguration Leading to Massive Breach,Forensics,"Config audits, exfiltration tracing.",44,0.68,0.69,0.76,0.71,0.8,0.72,0.0652,0.0675,0.0548,0.0936,0.0683,0.0647,0.89,0.8,0.94,0.84,0.95,0.91,1074961,1289240,1461952,1440921,1144826,1061232
CM.01,Cloud Misconfiguration Leading to Massive Breach,Legal Support,"Breach notifications, fines (e.g., GDPR).",44,0.63,0.65,0.7,0.61,0.64,0.63,0.0692,0.0861,0.0838,0.0658,0.0846,0.0952,0.8,0.82,0.81,0.76,0.71,0.85,1344281,973651,1239364,975509,1099339,908561
CM.01,Cloud Misconfiguration Leading to Massive Breach,Negotiation,"Breach notifications, fines (e.g., GDPR).",44,0.65,0.69,0.61,0.76,0.78,0.76,0.0924,0.0675,0.0964,0.054,0.0782,0.0687,0.54,0.45,0.47,0.54,0.52,0.49,1321837,1200792,1180603,1152171,1380275,1241424
CM.01,Cloud Misconfiguration Leading to Massive Breach,Recovery,"Reconfigure, data restoration.",44,0.74,0.7,0.71,0.61,0.77,0.63,0.063,0.0731,0.0616,0.0706,0.094,0.0662,0.94,0.98,0.93,0.9,0.91,0.98,3193783,4019376,3394858,4039223,3154399,3932210
ZD.01,Zero-Day Exploit in Niche Software,Forensics,"Exploit reverse engineering, vuln hunting.",44,0.13,0.08,0.08,0.06,0.09,0.07,0.0169,0.0113,0.0157,0.011,0.0128,0.0107,0.86,0.85,0.9,0.92,0.84,0.92,1598342,1990553,1571641,1885477,1685030,1591291
ZD.01,Zero-Day Exploit in Niche Software,Legal Support,"Vendor disputes, breach reporting.",44,0.08,0.13,0.13,0.11,0.1,0.12,0.017,0.0124,0.0183,0.018,0.0168,0.0139,0.71,0.74,0.8,0.85,0.7,0.89,1387137,1061204,1349362,1062369,1478301,1028514
ZD.01,Zero-Day Exploit in Niche Software,Negotiation,"Vendor disputes, breach reporting.",44,0.1,0.12,0.14,0.06,0.15,0.06,0.014,0.017,0.0121,0.0127,0.0133,0.0174,0.51,0.49,0.52,0.45,0.56,0.53,1232215,1254326,1359262,1032987,1320661,1417576
ZD.01,Zero-Day Exploit in Niche Software,Recovery,"Custom patching, system scans.",44,0.14,0.15,0.12,0.06,0.08,0.13,0.0151,0.0171,0.0131,0.0116,0.0181,0.0134,0.97,0.96,0.91,0.9,0.95,0.98,5465079,4940963,4596464,4688368,5139463,5208309
BC.01,Blockchain/Crypto-Jacking in DeFi,Forensics,"Blockchain transaction tracing (e.g., Chainalysis tools).",44,0.04,0.01,0.03,0.03,0.02,0.05,0.0095,0.0058,0.0055,0.0088,0.0067,0.0058,0.85,0.9,0.88,0.87,0.89,0.91,2363505,2597389,2225594,2650386,2816716,1263100
BC.01,Blockchain/Crypto-Jacking in DeFi,Legal Support,"Crypto recovery lawsuits, SEC compliance.",44,0.02,0.03,0.04,0.03,0.04,0.04,0.0065,0.0087,0.0064,0.007,0.0074,0.0093,0.82,0.82,0.87,0.85,0.87,0.71,1620157,3691528,1196930,3778761,1849535,2388260
BC.01,Blockchain/Crypto-Jacking in DeFi,Negotiation,"Crypto recovery lawsuits, SEC compliance.",44,0.04,0.01,0.04,0.02,0.05,0.02,0.0079,0.0097,0.0096,0.008,0.0068,0.0098,0.47,0.45,0.42,0.56,0.49,0.52,1725251,1734016,1991807,1488718,2125441,2304135
BC.01,Blockchain/Crypto-Jacking in DeFi,Recovery,"Protocol forks, fund reimbursements.",44,0.03,0.05,0.04,0.01,0.01,0.03,0.0062,0.0095,0.0062,0.0095,0.0066,0.0093,0.98,0.92,0.93,0.96,0.94,0.91,4963084,3115054,4765572,5974024,5647278,7533747
SC.01,Supply Chain Compromise (Software Vendor),Forensics,"Trace compromise across supply chain (e.g., code audits, vendor logs analysis); requires specialized tools like blockchain-led provenance checkers.",45,0.12,0.16,0.15,0.13,0.1,0.1,0.0456,0.0362,0.0309,0.0349,0.0344,0.0486,0.85,0.86,0.92,0.95,0.93,0.83,2484349,3238520,2840547,2920949,3126715,3949538
SC.01,Supply Chain Compromise (Software Vendor),Legal Support,"Vendor liability assessments, regulatory notifications (e.g., SEC filings), potential lawsuits.",45,0.16,0.12,0.12,0.12,0.19,0.11,0.0446,0.0438,0.0347,0.0385,0.0411,0.0307,0.78,0.75,0.72,0.74,0.87,0.85,2086657,2222374,2925666,2956922,2210189,1845710
SC.01,Supply Chain Compromise (Software Vendor),Negotiation,"Vendor liability assessments, regulatory notifications (e.g., SEC filings), potential lawsuits.",45,0.17,0.1,0.15,0.15,0.17,0.2,0.035,0.0417,0.047,0.0457,0.0375,0.034,0.53,0.47,0.43,0.45,0.43,0.45,1734581,2494381,2644830,2522255,2831008,1980372
SC.01,Supply Chain Compromise (Software Vendor),Recovery,"Full software rollback, patching, and supplier diversification; downtime heavy.",45,0.15,0.17,0.2,0.14,0.14,0.14,0.0347,0.0444,0.0437,0.0435,0.0303,0.0302,0.9,0.95,0.98,0.96,0.97,0.91,7892325,7190725,7418029,10814516,7637153,7491215
CM.01,Cloud Misconfiguration Leading to Massive Breach,Forensics,"Config audits, exfiltration tracing.",45,0.62,0.65,0.61,0.61,0.76,0.67,0.0975,0.0745,0.07,0.0945,0.0793,0.0911,0.92,0.9,0.91,0.91,0.84,0.85,1077019,1269931,1092142,1324518,1204681,1121331
CM.01,Cloud Misconfiguration Leading to Massive Breach,Legal Support,"Breach notifications, fines (e.g., GDPR).",45,0.76,0.66,0.76,0.64,0.66,0.79,0.0774,0.0832,0.0787,0.0909,0.0911,0.067,0.84,0.87,0.72,0.79,0.83,0.89,1146347,1172176,1233876,973025,939991,1047148
CM.01,Cloud Misconfiguration Leading to Massive Breach,Negotiation,"Breach notifications, fines (e.g., GDPR).",45,0.73,0.76,0.6,0.67,0.65,0.68,0.0892,0.0737,0.0929,0.0712,0.0769,0.0711,0.42,0.55,0.53,0.55,0.5,0.51,1266756,930135,1001753,1370363,1114352,1331186
CM.01,Cloud Misconfiguration Leading to Massive Breach,Recovery,"Reconfigure, data restoration.",45,0.73,0.67,0.72,0.7,0.65,0.75,0.0924,0.0611,0.0912,0.0516,0.0536,0.071,0.95,0.97,0.95,0.92,0.91,0.94,3911756,3341628,3178676,3781530,3594776,3389631
ZD.01,Zero-Day Exploit in Niche Software,Forensics,"Exploit reverse engineering, vuln hunting.",45,0.12,0.14,0.06,0.15,0.1,0.09,0.0151,0.0148,0.0186,0.0144,0.0105,0.0167,0.82,0.91,0.92,0.95,0.82,0.85,1795843,1679322,1730238,1627798,1579899,1559665
ZD.01,Zero-Day Exploit in Niche Software,Legal Support,"Vendor disputes, breach reporting.",45,0.11,0.12,0.11,0.15,0.13,0.06,0.012,0.0167,0.0199,0.0101,0.0116,0.0124,0.74,0.76,0.82,0.75,0.73,0.82,1395557,1453017,1483437,1475753,1043801,1062839
ZD.01,Zero-Day Exploit in Niche Software,Negotiation,"Vendor disputes, breach reporting.",45,0.07,0.11,0.05,0.06,0.1,0.11,0.011,0.0118,0.0116,0.012,0.0184,0.0173,0.41,0.56,0.47,0.54,0.59,0.43,1082083,1332482,1172475,1120774,1044593,1008367
ZD.01,Zero-Day Exploit in Niche Software,Recovery,"Custom patching, system scans.",45,0.06,0.07,0.08,0.1,0.1,0.12,0.0169,0.0188,0.0155,0.0135,0.017,0.0137,0.94,0.97,0.95,0.92,0.93,0.92,4636230,4801165,4695849,4748794,4584001,5072095
BC.01,Blockchain/Crypto-Jacking in DeFi,Forensics,"Blockchain transaction tracing (e.g., Chainalysis tools).",45,0.04,0.02,0.05,0.04,0.03,0.02,0.0053,0.007,0.0092,0.0098,0.0085,0.0072,0.93,0.89,0.82,0.84,0.81,0.87,2453538,2024805,2689378,2237899,2045958,2020623
BC.01,Blockchain/Crypto-Jacking in DeFi,Legal Support,"Crypto recovery lawsuits, SEC compliance.",45,0.01,0.04,0.03,0.04,0.05,0.01,0.0065,0.0086,0.0077,0.0072,0.0067,0.0073,0.8,0.71,0.72,0.7,0.77,0.83,3482673,3752089,2814104,1357501,2359373,2786662
BC.01,Blockchain/Crypto-Jacking in DeFi,Negotiation,"Crypto recovery lawsuits, SEC compliance.",45,0.01,0.05,0.04,0.05,0.01,0.04,0.0072,0.0073,0.0077,0.0071,0.0095,0.0053,0.54,0.59,0.41,0.45,0.48,0.53,2259877,3101718,3378633,3823379,2671852,1978819
BC.01,Blockchain/Crypto-Jacking in DeFi,Recovery,"Protocol forks, fund reimbursements.",45,0.03,0.02,0.05,0.04,0.01,0.04,0.0082,0.0088,0.0053,0.0076,0.0084,0.0076,0.96,0.96,0.94,0.96,0.96,0.93,4414904,5086625,7558003,6855357,7971126,6826626
RN.01,Ransomware with Triple Extortion,Forensics,"Root cause analysis, malware reverse engineering.",48,0.62,0.67,0.79,0.61,0.6,0.8,0.0744,0.0637,0.0839,0.0538,0.059,0.0539,0.95,0.87,0.81,0.83,0.91,0.85,1769385,1020803,1810761,1099078,1829570,1108292
RN.01,Ransomware with Triple Extortion,Legal Support,"Ransom negotiations (if policy allows), compliance (e.g., GDPR fines).",48,0.69,0.78,0.72,0.76,0.76,0.73,0.0771,0.0745,0.0842,0.0592,0.0588,0.0599,0.75,0.76,0.71,0.75,0.77,0.76,953749,1968179,956853,1756676,1381074,1823193
RN.01,Ransomware with Triple Extortion,Negotiation,"Ransom negotiations (if policy allows), compliance (e.g., GDPR fines).",48,0.69,0.68,0.7,0.79,0.7,0.67,0.0603,0.066,0.0544,0.0756,0.075,0.081,0.56,0.42,0.47,0.48,0.55,0.4,2374529,2068505,2091501,920317,2305275,1379962
RN.01,Ransomware with Triple Extortion,Recovery,"Decryption/backups, system rebuilds; downtime recovery.",48,0.78,0.64,0.75,0.73,0.69,0.65,0.0881,0.0867,0.081,0.0874,0.0502,0.0532,0.92,0.92,0.97,0.91,0.93,0.92,4875956,3245585,4716746,4615612,4339452,4114939
CP.01,"Cyber-Physical Disruption (e.g., Stuxnet-like)",Forensics,"OT malware analysis, physical impact assessment.",48,0.11,0.05,0.06,0.09,0.06,0.13,0.0047,0.0015,0.0044,0.0044,0.0021,0.0011,0.92,0.85,0.88,0.92,0.86,0.89,2500681,3938136,3641146,3745255,3822507,3474546
CP.01,"Cyber-Physical Disruption (e.g., Stuxnet-like)",Legal Support,"Critical infra regulations (e.g., CISA), potential state actor involvement.",48,0.08,0.14,0.07,0.15,0.09,0.07,0.0038,0.0046,0.0021,0.0011,0.0019,0.0031,0.72,0.82,0.78,0.79,0.86,0.84,3549287,2565715,2755160,2296214,2855379,2419047
CP.01,"Cyber-Physical Disruption (e.g., Stuxnet-like)",Negotiation,"Critical infra regulations (e.g., CISA), potential state actor involvement.",48,0.13,0.13,0.13,0.11,0.13,0.12,0.0013,0.0047,0.0044,0.0032,0.0033,0.0044,0.42,0.58,0.47,0.59,0.56,0.57,2132701,3198507,3040088,2688502,2453078,3786672
CP.01,"Cyber-Physical Disruption (e.g., Stuxnet-like)",Recovery,"Physical repairs, IT/OT segmentation.",48,0.12,0.08,0.05,0.14,0.15,0.11,0.0043,0.0046,0.004,0.0036,0.0026,0.0034,0.92,0.94,0.94,0.95,0.98,0.98,9062591,10195730,9330072,9608073,8709106,7575750
EC.01,Edge Computing Exploit (Zero-Day in Distributed Systems),Forensics,"Edge network logs, exploit reconstruction.",48,0.15,0.15,0.18,0.11,0.15,0.07,0.0178,0.0233,0.0222,0.0109,0.0239,0.0201,0.81,0.92,0.8,0.83,0.86,0.93,2487006,2042463,1639446,2056164,1628672,1683255
EC.01,Edge Computing Exploit (Zero-Day in Distributed Systems),Legal Support,Compliance with data protection laws.,48,0.16,0.08,0.19,0.14,0.16,0.17,0.0228,0.0267,0.0185,0.0196,0.03,0.018,0.71,0.8,0.76,0.83,0.89,0.79,1283237,1378893,1215879,1042036,1414979,1411849
EC.01,Edge Computing Exploit (Zero-Day in Distributed Systems),Negotiation,Compliance with data protection laws.,48,0.15,0.08,0.11,0.17,0.07,0.08,0.0273,0.0188,0.0291,0.0155,0.0119,0.0126,0.57,0.45,0.48,0.47,0.59,0.41,1100163,1071059,1469401,1284548,1433838,1213912
EC.01,Edge Computing Exploit (Zero-Day in Distributed Systems),Recovery,"Firmware updates, edge reconfiguration.",48,0.1,0.13,0.07,0.09,0.18,0.13,0.0264,0.0296,0.0126,0.0227,0.0252,0.0275,0.92,0.93,0.97,0.95,0.95,0.97,5407922,5072922,5099282,5012510,4558047,4637841
SB.01,Satellite/5G Backhaul Sabotage,Forensics,"Signal interference analysis, attacker attribution.",48,0.04,0.03,0.03,0.04,0.04,0.02,0.002,0.0017,0.0019,0.002,0.0027,0.0017,0.82,0.83,0.89,0.89,0.88,0.91,2729250,2475506,2927044,2305167,2021066,2972736
SB.01,Satellite/5G Backhaul Sabotage,Legal Support,"International space law, FCC compliance.",48,0.04,0.05,0.02,0.04,0.04,0.02,0.0017,0.0013,0.0026,0.002,0.0017,0.0016,0.76,0.88,0.81,0.85,0.74,0.71,1597974,1642978,1807337,2391809,1850121,1822627
SB.01,Satellite/5G Backhaul Sabotage,Negotiation,"International space law, FCC compliance.",48,0.02,0.03,0.04,0.04,0.05,0.02,0.0022,0.0028,0.0018,0.0015,0.0019,0.0014,0.48,0.59,0.5,0.41,0.59,0.42,2343123,2175110,1659205,1982789,1887170,1791442
SB.01,Satellite/5G Backhaul Sabotage,Recovery,"Backup networks, signal hardening.",48,0.02,0.05,0.03,0.04,0.03,0.02,0.0027,0.0025,0.0017,0.0024,0.0014,0.001,0.96,0.97,0.97,0.93,0.92,0.94,8745214,6758785,7734235,9331197,7346926,8533633
RN.01,Ransomware with Triple Extortion,Forensics,"Root cause analysis, malware reverse engineering.",49,0.75,0.66,0.64,0.63,0.7,0.69,0.0558,0.0779,0.0542,0.069,0.0706,0.064,0.84,0.8,0.89,0.88,0.81,0.94,1854959,1089161,1591906,1518124,1784928,1404513
RN.01,Ransomware with Triple Extortion,Legal Support,"Ransom negotiations (if policy allows), compliance (e.g., GDPR fines).",49,0.61,0.7,0.66,0.68,0.72,0.72,0.0639,0.0785,0.068,0.0748,0.0741,0.0789,0.73,0.83,0.88,0.82,0.81,0.74,2142868,2444792,2369460,1832329,1275479,2016853
RN.01,Ransomware with Triple Extortion,Negotiation,"Ransom negotiations (if policy allows), compliance (e.g., GDPR fines).",49,0.63,0.7,0.75,0.62,0.78,0.78,0.0959,0.0915,0.0773,0.0806,0.0989,0.076,0.5,0.42,0.51,0.5,0.49,0.47,2329890,1577827,1973455,1643329,2417444,1922587
RN.01,Ransomware with Triple Extortion,Recovery,"Decryption/backups, system rebuilds; downtime recovery.",49,0.72,0.64,0.75,0.77,0.61,0.67,0.0735,0.0785,0.0785,0.0863,0.0532,0.0788,0.95,0.98,0.95,0.94,0.97,0.92,5434017,3654570,4617021,3495007,4870965,3839830
CP.01,"Cyber-Physical Disruption (e.g., Stuxnet-like)",Forensics,"OT malware analysis, physical impact assessment.",49,0.1,0.13,0.11,0.11,0.12,0.08,0.0013,0.0038,0.0049,0.0031,0.0048,0.0044,0.91,0.93,0.86,0.84,0.81,0.94,3851089,2816540,3682627,3550543,2793730,3417820
CP.01,"Cyber-Physical Disruption (e.g., Stuxnet-like)",Legal Support,"Critical infra regulations (e.g., CISA), potential state actor involvement.",49,0.11,0.07,0.12,0.08,0.11,0.13,0.0019,0.0035,0.0029,0.0025,0.0015,0.0046,0.73,0.71,0.86,0.86,0.86,0.74,3672056,2362201,2266662,3588558,2059713,2122312
CP.01,"Cyber-Physical Disruption (e.g., Stuxnet-like)",Negotiation,"Critical infra regulations (e.g., CISA), potential state actor involvement.",49,0.06,0.08,0.07,0.09,0.1,0.15,0.002,0.0037,0.0038,0.0027,0.0022,0.002,0.42,0.42,0.43,0.44,0.44,0.57,2870809,2787553,3141960,3228253,3661970,2317696
CP.01,"Cyber-Physical Disruption (e.g., Stuxnet-like)",Recovery,"Physical repairs, IT/OT segmentation.",49,0.14,0.12,0.08,0.07,0.06,0.06,0.0027,0.0043,0.0015,0.0046,0.0033,0.0047,0.96,0.9,0.9,0.97,0.98,0.97,11942969,11053038,9218882,11032108,11497376,8576338
EC.01,Edge Computing Exploit (Zero-Day in Distributed Systems),Forensics,"Edge network logs, exploit reconstruction.",49,0.16,0.19,0.1,0.13,0.07,0.15,0.0111,0.0155,0.0235,0.0178,0.0291,0.0218,0.82,0.94,0.94,0.81,0.81,0.81,1617192,1605298,1644177,2331758,1516848,2480323
EC.01,Edge Computing Exploit (Zero-Day in Distributed Systems),Legal Support,Compliance with data protection laws.,49,0.12,0.07,0.15,0.11,0.14,0.1,0.0107,0.0158,0.0203,0.0154,0.0148,0.0157,0.85,0.86,0.73,0.73,0.89,0.84,1118463,1009723,1144988,1134785,1417975,1315658
EC.01,Edge Computing Exploit (Zero-Day in Distributed Systems),Negotiation,Compliance with data protection laws.,49,0.1,0.19,0.05,0.17,0.14,0.09,0.0296,0.0226,0.0111,0.0136,0.0294,0.0298,0.49,0.59,0.51,0.47,0.51,0.45,1019117,1107494,1102076,1265959,1079887,1184625
EC.01,Edge Computing Exploit (Zero-Day in Distributed Systems),Recovery,"Firmware updates, edge reconfiguration.",49,0.06,0.13,0.09,0.08,0.15,0.11,0.0154,0.0275,0.0171,0.0145,0.0296,0.022,0.92,0.96,0.95,0.91,0.96,0.91,4808279,4722207,4987204,5318935,4661428,4947424
SB.01,Satellite/5G Backhaul Sabotage,Forensics,"Signal interference analysis, attacker attribution.",49,0.04,0.01,0.03,0.02,0.02,0.04,0.0022,0.002,0.0022,0.0019,0.0011,0.0015,0.83,0.84,0.88,0.88,0.92,0.81,2394397,2784691,2244734,2725586,2998161,2642525
SB.01,Satellite/5G Backhaul Sabotage,Legal Support,"International space law, FCC compliance.",49,0.02,0.02,0.04,0.04,0.05,0.01,0.0022,0.0012,0.0022,0.0014,0.0021,0.0012,0.79,0.81,0.8,0.72,0.87,0.87,2497517,1659321,1703563,2488710,2149593,1664319
SB.01,Satellite/5G Backhaul Sabotage,Negotiation,"International space law, FCC compliance.",49,0.03,0.03,0.03,0.04,0.03,0.04,0.0014,0.0011,0.0018,0.0021,0.0012,0.0013,0.51,0.58,0.55,0.48,0.5,0.55,1636458,1976138,1970069,2218215,2109413,2227685
SB.01,Satellite/5G Backhaul Sabotage,Recovery,"Backup networks, signal hardening.",49,0.04,0.05,0.05,0.03,0.04,0.02,0.0025,0.0011,0.0022,0.0017,0.0019,0.0012,0.95,0.94,0.9,0.96,0.91,0.92,8123718,8378237,9454122,9024749,8942362,9029047
CM.01,Cloud Misconfiguration Leading to Massive Breach,Forensics,"Config audits, exfiltration tracing.",51,0.65,0.7,0.76,0.63,0.71,0.61,0.0955,0.0559,0.0848,0.0794,0.0569,0.0684,0.82,0.83,0.93,0.81,0.95,0.88,1369182,1043802,1424328,1385582,1307522,1002662
CM.01,Cloud Misconfiguration Leading to Massive Breach,Legal Support,"Breach notifications, fines (e.g., GDPR).",51,0.72,0.61,0.65,0.76,0.7,0.61,0.0602,0.091,0.067,0.092,0.0712,0.0709,0.73,0.71,0.73,0.82,0.84,0.75,1081621,1260281,1332371,963186,1234343,1383187
CM.01,Cloud Misconfiguration Leading to Massive Breach,Negotiation,"Breach notifications, fines (e.g., GDPR).",51,0.65,0.66,0.61,0.62,0.78,0.71,0.0583,0.0905,0.0636,0.0604,0.0679,0.0535,0.46,0.48,0.53,0.53,0.56,0.51,1181801,1216432,914304,1386714,1349333,1147043
CM.01,Cloud Misconfiguration Leading to Massive Breach,Recovery,"Reconfigure, data restoration.",51,0.63,0.73,0.66,0.68,0.63,0.78,0.0535,0.078,0.0599,0.0752,0.063,0.0683,0.95,0.97,0.97,0.98,0.92,0.96,3232373,3491037,3319224,3257089,3225597,3329359
ZD.01,Zero-Day Exploit in Niche Software,Forensics,"Exploit reverse engineering, vuln hunting.",51,0.06,0.11,0.14,0.07,0.05,0.06,0.0104,0.0137,0.0181,0.0173,0.0184,0.0177,0.83,0.81,0.92,0.87,0.91,0.93,1722612,1624601,1654177,1574816,1655691,1868066
ZD.01,Zero-Day Exploit in Niche Software,Legal Support,"Vendor disputes, breach reporting.",51,0.15,0.12,0.12,0.14,0.12,0.05,0.0166,0.0154,0.015,0.0154,0.0129,0.0178,0.83,0.72,0.88,0.87,0.86,0.82,1124946,1089957,1100620,1147316,1010659,1029501
ZD.01,Zero-Day Exploit in Niche Software,Negotiation,"Vendor disputes, breach reporting.",51,0.11,0.11,0.08,0.12,0.14,0.1,0.0162,0.0132,0.0109,0.0181,0.0176,0.0128,0.48,0.6,0.49,0.42,0.54,0.58,1006271,1256502,1151430,1482543,1077439,1088179
ZD.01,Zero-Day Exploit in Niche Software,Recovery,"Custom patching, system scans.",51,0.11,0.14,0.09,0.07,0.1,0.06,0.0139,0.0161,0.0144,0.0187,0.0164,0.0118,0.95,0.93,0.95,0.91,0.91,0.94,5001074,4710082,5431796,5093774,5363994,5403750
FI.01,FIMI/Disinformation Campaign (AI-Generated),Forensics,"Content authenticity analysis, source tracing.",51,0.12,0.16,0.14,0.14,0.11,0.17,0.0139,0.0194,0.0129,0.0182,0.0111,0.0179,0.95,0.89,0.85,0.85,0.81,0.86,2002195,2021612,2146626,1435696,2008472,1555199
FI.01,FIMI/Disinformation Campaign (AI-Generated),Legal Support,"Defamation lawsuits, regulatory filings.",51,0.15,0.19,0.11,0.13,0.18,0.12,0.0191,0.014,0.012,0.014,0.0134,0.019,0.78,0.74,0.72,0.77,0.85,0.72,1220565,1750759,1645406,1343637,1301147,1279008
FI.01,FIMI/Disinformation Campaign (AI-Generated),Negotiation,"Defamation lawsuits, regulatory filings.",51,0.14,0.11,0.13,0.11,0.13,0.17,0.0198,0.0122,0.0124,0.0137,0.019,0.0132,0.52,0.48,0.5,0.49,0.57,0.43,1807660,1248586,1592447,1775499,1883761,1384590
FI.01,FIMI/Disinformation Campaign (AI-Generated),Recovery,"Public relations campaigns, content takedowns.",51,0.19,0.18,0.13,0.12,0.18,0.14,0.0138,0.0137,0.0183,0.0109,0.0135,0.0158,0.92,0.94,0.96,0.94,0.91,0.95,5612388,4425326,5938239,5557893,4155829,5321612
EC.01,Edge Computing Exploit (Zero-Day in Distributed Systems),Forensics,"Edge network logs, exploit reconstruction.",51,0.11,0.18,0.11,0.2,0.15,0.13,0.0157,0.0125,0.0201,0.0123,0.0287,0.0266,0.84,0.86,0.88,0.93,0.87,0.8,1560584,2430199,2383575,2141451,2363559,1605671
EC.01,Edge Computing Exploit (Zero-Day in Distributed Systems),Legal Support,Compliance with data protection laws.,51,0.06,0.19,0.16,0.19,0.1,0.11,0.0273,0.0269,0.0156,0.021,0.0188,0.0153,0.86,0.84,0.88,0.75,0.84,0.72,1419691,1293811,1466244,1395454,1061511,1161157
EC.01,Edge Computing Exploit (Zero-Day in Distributed Systems),Negotiation,Compliance with data protection laws.,51,0.07,0.2,0.19,0.06,0.11,0.12,0.0103,0.0137,0.0219,0.0255,0.0172,0.0166,0.48,0.41,0.5,0.48,0.58,0.42,1420349,1068067,1046193,1164994,1313301,1376804
EC.01,Edge Computing Exploit (Zero-Day in Distributed Systems),Recovery,"Firmware updates, edge reconfiguration.",51,0.11,0.1,0.1,0.18,0.07,0.08,0.0119,0.014,0.017,0.0279,0.0152,0.0131,0.92,0.95,0.93,0.93,0.95,0.91,5088382,4507442,4876660,4752338,5143616,4684772
SB.01,Satellite/5G Backhaul Sabotage,Forensics,"Signal interference analysis, attacker attribution.",51,0.03,0.04,0.02,0.03,0.05,0.04,0.0016,0.001,0.0022,0.0016,0.0028,0.0012,0.87,0.88,0.93,0.87,0.83,0.91,2140026,2197612,2379110,2380448,2383942,2726657
SB.01,Satellite/5G Backhaul Sabotage,Legal Support,"International space law, FCC compliance.",51,0.02,0.04,0.05,0.04,0.01,0.02,0.0022,0.0028,0.003,0.0013,0.0023,0.0014,0.86,0.73,0.78,0.8,0.89,0.87,1858630,1543257,1655533,2498865,2443507,2059443
SB.01,Satellite/5G Backhaul Sabotage,Negotiation,"International space law, FCC compliance.",51,0.04,0.03,0.04,0.02,0.04,0.03,0.0016,0.0029,0.0013,0.0018,0.0027,0.0023,0.41,0.49,0.43,0.52,0.54,0.43,1644295,1757280,1972887,1969172,2371734,1732391
SB.01,Satellite/5G Backhaul Sabotage,Recovery,"Backup networks, signal hardening.",51,0.02,0.02,0.04,0.04,0.01,0.04,0.0027,0.0022,0.0013,0.0022,0.0024,0.0012,0.92,0.96,0.9,0.91,0.9,0.93,7486743,7592305,8606438,7784692,9143557,7212777
VR.01,VR/AR Metaverse Hijacking,Forensics,"Session logs, immersion exploit tracing.",51,0.04,0.04,0.02,0.03,0.04,0.04,0.0011,0.0011,0.0018,0.0024,0.0028,0.0017,0.93,0.94,0.88,0.81,0.93,0.92,1946085,1987238,1527350,1950402,1296056,2106392
VR.01,VR/AR Metaverse Hijacking,Legal Support,"Privacy/safety lawsuits, compliance.",51,0.03,0.02,0.04,0.03,0.03,0.01,0.0016,0.0026,0.0024,0.0021,0.0024,0.0028,0.81,0.85,0.79,0.82,0.78,0.82,1230761,1431344,1211820,1355215,1481435,1446486
VR.01,VR/AR Metaverse Hijacking,Negotiation,"Privacy/safety lawsuits, compliance.",51,0.02,0.03,0.03,0.05,0.03,0.02,0.0027,0.0025,0.0012,0.0024,0.0015,0.0016,0.42,0.59,0.42,0.47,0.59,0.58,1380041,1251272,1495541,1189077,1327975,1043850
VR.01,VR/AR Metaverse Hijacking,Recovery,"Platform patches, user authentication upgrades.",51,0.01,0.02,0.03,0.02,0.03,0.02,0.0016,0.0017,0.0011,0.0023,0.0011,0.0026,0.91,0.91,0.93,0.96,0.91,0.95,4267726,5529069,4704498,4789260,4852819,4662460
AI.01,AI-Driven Deepfake Fraud (Executive Impersonation),Forensics,"Analyze audio/video artifacts (e.g., using AI detection tools like Reality Defender); trace fraud trails.",52,0.14,0.19,0.2,0.11,0.19,0.19,0.0144,0.0108,0.0164,0.0126,0.0172,0.0108,0.94,0.88,0.84,0.89,0.94,0.82,1215366,1516859,1333796,1041662,1135463,1884869
AI.01,AI-Driven Deepfake Fraud (Executive Impersonation),Legal Support,"Fraud claims, regulatory probes (e.g., FTC for consumer impact); potential lawsuits.",52,0.14,0.12,0.16,0.14,0.12,0.16,0.0112,0.0165,0.0147,0.0188,0.0186,0.0153,0.81,0.77,0.7,0.84,0.87,0.81,1948429,951895,1122963,999678,1275984,1363760
AI.01,AI-Driven Deepfake Fraud (Executive Impersonation),Negotiation,"Fraud claims, regulatory probes (e.g., FTC for consumer impact); potential lawsuits.",52,0.14,0.19,0.15,0.11,0.2,0.16,0.0191,0.0147,0.0105,0.0191,0.018,0.0151,0.58,0.45,0.5,0.55,0.57,0.53,1014285,1367383,1601602,1327967,932402,1610491
AI.01,AI-Driven Deepfake Fraud (Executive Impersonation),Recovery,"Retrain staff, implement biometric verification; recover funds.",52,0.13,0.15,0.16,0.11,0.18,0.19,0.017,0.0114,0.0131,0.0101,0.0146,0.0156,0.95,0.92,0.95,0.91,0.91,0.92,4128771,5829394,3175395,5245842,4833243,3717543
QC.01,Quantum Computing Crypto Break,Forensics,"Quantum-resistant analysis of broken keys, breach tracing.",52,0.02,0.03,0.05,0.02,0.04,0.02,0.0007,0.0006,0.0009,0.0007,0.0001,0.001,0.86,0.81,0.89,0.94,0.86,0.85,3587279,4872730,4446489,4133662,3778035,4064630
QC.01,Quantum Computing Crypto Break,Legal Support,"Data protection lawsuits, regulatory audits (e.g., NIST post-quantum standards).",52,0.02,0.02,0.04,0.04,0.02,0.01,0.0002,0.0005,0.0006,0.0009,0.0007,0.0005,0.76,0.75,0.78,0.85,0.81,0.77,2321593,3174039,3417432,3647293,3162055,3720700
QC.01,Quantum Computing Crypto Break,Negotiation,"Data protection lawsuits, regulatory audits (e.g., NIST post-quantum standards).",52,0.03,0.02,0.01,0.01,0.04,0.01,0.0008,0.0007,0.0002,0.0001,0.0009,0.0009,0.57,0.58,0.45,0.52,0.46,0.49,2846909,2794789,2897535,2701973,2456255,3696459
QC.01,Quantum Computing Crypto Break,Recovery,"Migrate to quantum-safe crypto (e.g., lattice-based).",52,0.03,0.03,0.04,0.03,0.05,0.05,0.0009,0.0002,0.0007,0.0009,0.0008,0.0005,0.93,0.91,0.94,0.9,0.91,0.97,10841792,14362503,14810026,12800448,11736809,12620373
BC.01,Blockchain/Crypto-Jacking in DeFi,Forensics,"Blockchain transaction tracing (e.g., Chainalysis tools).",52,0.7,0.68,0.65,0.71,0.68,0.7,0.0278,0.0156,0.0164,0.0121,0.0253,0.0164,0.92,0.85,0.8,0.87,0.84,0.92,1337644,2741568,1139397,2360783,1563362,1927013
BC.01,Blockchain/Crypto-Jacking in DeFi,Legal Support,"Crypto recovery lawsuits, SEC compliance.",52,0.65,0.63,0.76,0.76,0.67,0.66,0.0109,0.0159,0.0129,0.0229,0.0157,0.0291,0.9,0.8,0.7,0.72,0.75,0.83,3778892,2258007,2065465,2839411,1745636,1772950
BC.01,Blockchain/Crypto-Jacking in DeFi,Negotiation,"Crypto recovery lawsuits, SEC compliance.",52,0.64,0.78,0.63,0.72,0.74,0.78,0.0242,0.013,0.0278,0.022,0.0261,0.0239,0.48,0.42,0.55,0.59,0.43,0.43,2545261,1122381,2760180,3205431,1891206,1460742
BC.01,Blockchain/Crypto-Jacking in DeFi,Recovery,"Protocol forks, fund reimbursements.",52,0.74,0.78,0.77,0.77,0.61,0.67,0.0281,0.0196,0.022,0.026,0.0229,0.0136,0.97,0.96,0.96,0.91,0.91,0.96,3465241,5467859,5038158,5107052,4882641,3801851
FI.01,FIMI/Disinformation Campaign (AI-Generated),Forensics,"Content authenticity analysis, source tracing.",52,0.08,0.07,0.1,0.14,0.07,0.12,0.0065,0.0096,0.0072,0.0098,0.0068,0.0098,0.81,0.91,0.8,0.84,0.9,0.82,1360714,1566977,1892063,1764618,1883672,1203929
FI.01,FIMI/Disinformation Campaign (AI-Generated),Legal Support,"Defamation lawsuits, regulatory filings.",52,0.08,0.1,0.06,0.05,0.12,0.11,0.0095,0.0058,0.0088,0.008,0.0061,0.0052,0.8,0.75,0.88,0.86,0.86,0.71,1121221,1852649,1814194,1122609,1487864,1404637
FI.01,FIMI/Disinformation Campaign (AI-Generated),Negotiation,"Defamation lawsuits, regulatory filings.",52,0.08,0.05,0.13,0.14,0.14,0.12,0.0062,0.0079,0.0082,0.0061,0.0079,0.0075,0.41,0.4,0.56,0.58,0.5,0.57,1684969,1976953,1109480,1908087,1150485,1363252
FI.01,FIMI/Disinformation Campaign (AI-Generated),Recovery,"Public relations campaigns, content takedowns.",52,0.12,0.08,0.09,0.15,0.09,0.05,0.0084,0.0077,0.008,0.0089,0.0098,0.0075,0.97,0.94,0.95,0.98,0.94,0.96,5055412,3907619,5680720,5458935,4427533,5934120
BD.01,Biometric Data Theft (Deep Learning Bypass),Forensics,"Biometric artifact analysis, theft tracing.",52,0.17,0.13,0.19,0.16,0.14,0.14,0.0071,0.0086,0.0068,0.0075,0.009,0.0095,0.81,0.94,0.82,0.83,0.89,0.89,2712384,2075777,2074746,2144293,2203177,2245565
BD.01,Biometric Data Theft (Deep Learning Bypass),Legal Support,"Privacy lawsuits, compliance (e.g., CCPA).",52,0.16,0.2,0.18,0.16,0.17,0.12,0.0055,0.0072,0.0098,0.0076,0.0099,0.0078,0.87,0.85,0.72,0.71,0.8,0.79,1578888,2083536,1511780,1228643,2148814,2073481
BD.01,Biometric Data Theft (Deep Learning Bypass),Negotiation,"Privacy lawsuits, compliance (e.g., CCPA).",52,0.15,0.16,0.13,0.2,0.19,0.16,0.0068,0.0098,0.0095,0.0068,0.0073,0.0073,0.51,0.58,0.43,0.54,0.58,0.47,1434352,1214343,1281940,1207299,1330802,1403223
BD.01,Biometric Data Theft (Deep Learning Bypass),Recovery,"Multi-factor upgrades, data purging.",52,0.14,0.18,0.16,0.17,0.18,0.16,0.0058,0.0064,0.0082,0.0053,0.0051,0.0095,0.95,0.95,0.96,0.95,0.97,0.97,5340210,5450191,6130148,5565102,5717187,5178581
QC.01,Quantum Computing Crypto Break,Forensics,"Quantum-resistant analysis of broken keys, breach tracing.",53,0.03,0.03,0.02,0.05,0.03,0.02,0.0008,0.0007,0.0003,0.0005,0.0002,0.0004,0.82,0.81,0.88,0.92,0.88,0.91,4311574,3371014,3785133,4678000,3796628,4317480
QC.01,Quantum Computing Crypto Break,Legal Support,"Data protection lawsuits, regulatory audits (e.g., NIST post-quantum standards).",53,0.01,0.02,0.02,0.03,0.04,0.03,0.0003,0.0005,0.0008,0.0002,0.0007,0.0001,0.84,0.89,0.71,0.72,0.85,0.89,2479989,3299717,3265829,3779839,3128014,3133661
QC.01,Quantum Computing Crypto Break,Negotiation,"Data protection lawsuits, regulatory audits (e.g., NIST post-quantum standards).",53,0.02,0.03,0.04,0.03,0.04,0.04,0.0004,0.0001,0.0009,0.0001,0.0003,0.0005,0.55,0.45,0.42,0.59,0.56,0.58,2757391,3070870,2509676,2989895,2265147,3530699
QC.01,Quantum Computing Crypto Break,Recovery,"Migrate to quantum-safe crypto (e.g., lattice-based).",53,0.02,0.01,0.05,0.04,0.02,0.04,0.0006,0.0006,0.0003,0.0004,0.0005,0.0001,0.93,0.96,0.94,0.9,0.96,0.91,11221975,10464260,10452284,14578536,13497997,14177936
AM.01,AI Model Poisoning Attack,Forensics,Data/input analysis for poison detection.,54,0.1,0.19,0.11,0.12,0.19,0.14,0.0063,0.0062,0.0064,0.0094,0.0097,0.009,0.91,0.94,0.83,0.91,0.84,0.83,1882013,2049063,2236852,2956370,2730770,1838080
AM.01,AI Model Poisoning Attack,Legal Support,IP/data integrity lawsuits.,54,0.16,0.11,0.15,0.13,0.1,0.16,0.008,0.0087,0.0081,0.0086,0.0084,0.0097,0.81,0.74,0.71,0.81,0.87,0.77,1653562,1913576,1955176,1741401,1205813,1063469
AM.01,AI Model Poisoning Attack,Negotiation,IP/data integrity lawsuits.,54,0.18,0.13,0.17,0.17,0.19,0.2,0.0069,0.0097,0.0074,0.0097,0.0074,0.0071,0.41,0.52,0.59,0.56,0.57,0.41,1383113,1349231,1131319,1526373,1778754,1995686
AM.01,AI Model Poisoning Attack,Recovery,"Model retraining, clean data sourcing.",54,0.2,0.18,0.19,0.13,0.16,0.11,0.0068,0.0094,0.0059,0.0083,0.0055,0.0076,0.9,0.91,0.97,0.97,0.92,0.94,6328670,5981429,5587192,5777858,5698588,6271684
DF.01,Deepfake-Enabled Insider Threat Amplification,Forensics,"Insider behavior forensics, deepfake validation.",54,0.05,0.09,0.06,0.07,0.08,0.11,0.0064,0.0065,0.0059,0.0068,0.0061,0.0071,0.91,0.81,0.94,0.82,0.8,0.94,1026708,1016271,912071,961413,1137398,849268
DF.01,Deepfake-Enabled Insider Threat Amplification,Legal Support,"Internal investigations, HR/legal reviews.",54,0.1,0.08,0.1,0.12,0.07,0.06,0.0096,0.0065,0.0087,0.0058,0.0077,0.0053,0.73,0.84,0.87,0.8,0.86,0.77,762017,858523,721029,900542,731755,960799
DF.01,Deepfake-Enabled Insider Threat Amplification,Negotiation,"Internal investigations, HR/legal reviews.",54,0.11,0.12,0.11,0.09,0.13,0.06,0.006,0.0092,0.009,0.0099,0.0088,0.0078,0.54,0.51,0.58,0.43,0.51,0.56,750688,835588,890220,930218,708436,904875
DF.01,Deepfake-Enabled Insider Threat Amplification,Recovery,"Access revokes, AI monitoring tools.",54,0.06,0.14,0.06,0.08,0.14,0.08,0.005,0.008,0.0082,0.0092,0.0059,0.0087,0.95,0.94,0.93,0.95,0.94,0.94,3629476,3317183,2767427,2892562,3654097,2872069
VR.01,VR/AR Metaverse Hijacking,Forensics,"Session logs, immersion exploit tracing.",54,0.05,0.02,0.03,0.02,0.03,0.05,0.0012,0.003,0.0027,0.0013,0.0019,0.0015,0.93,0.94,0.88,0.86,0.83,0.89,1299496,1379976,1929182,2081147,1310281,1371455
VR.01,VR/AR Metaverse Hijacking,Legal Support,"Privacy/safety lawsuits, compliance.",54,0.04,0.03,0.04,0.03,0.04,0.03,0.0028,0.0025,0.0016,0.0029,0.0025,0.0013,0.83,0.76,0.73,0.89,0.76,0.89,1192837,1081358,1266376,1072888,1128847,1221135
VR.01,VR/AR Metaverse Hijacking,Negotiation,"Privacy/safety lawsuits, compliance.",54,0.01,0.04,0.01,0.01,0.03,0.01,0.0015,0.0027,0.0021,0.0012,0.0013,0.002,0.46,0.5,0.47,0.49,0.52,0.53,1017018,1094344,1011512,1149129,1413078,1351487
VR.01,VR/AR Metaverse Hijacking,Recovery,"Platform patches, user authentication upgrades.",54,0.02,0.01,0.04,0.04,0.04,0.02,0.0026,0.0028,0.0016,0.0024,0.0028,0.0017,0.91,0.96,0.93,0.96,0.93,0.95,3866451,3925573,5519338,4646198,4695832,4781173
IO.01,IoT/OT Zero-Day Exploitation,Forensics,"Device log analysis, zero-day reverse engineering.",56,0.1,0.07,0.06,0.13,0.15,0.09,0.0433,0.0318,0.0422,0.049,0.0272,0.0274,0.82,0.8,0.85,0.87,0.82,0.81,1739214,1257314,1701198,1695514,1407365,1269062
IO.01,IoT/OT Zero-Day Exploitation,Legal Support,"Compliance with ICS standards (e.g., IEC 62443).",56,0.13,0.1,0.12,0.1,0.09,0.1,0.0408,0.0291,0.0262,0.0309,0.0415,0.0448,0.74,0.8,0.89,0.9,0.79,0.88,1009352,1421241,1180031,1448384,1348260,1137061
IO.01,IoT/OT Zero-Day Exploitation,Negotiation,"Compliance with ICS standards (e.g., IEC 62443).",56,0.12,0.12,0.15,0.13,0.07,0.09,0.0228,0.0298,0.0237,0.0265,0.0391,0.0499,0.51,0.56,0.44,0.53,0.57,0.4,1205942,1229951,1160929,1169865,1191669,1400303
IO.01,IoT/OT Zero-Day Exploitation,Recovery,"Patch/firmware updates, device replacement.",56,0.07,0.06,0.11,0.1,0.12,0.12,0.034,0.0324,0.0287,0.03,0.0478,0.0261,0.94,0.94,0.97,0.96,0.97,0.95,3806685,4063639,3989915,4245238,4347113,4492751
DF.01,Deepfake-Enabled Insider Threat Amplification,Forensics,"Insider behavior forensics, deepfake validation.",56,0.09,0.07,0.13,0.1,0.13,0.13,0.0113,0.0171,0.0127,0.0162,0.0164,0.0105,0.86,0.8,0.95,0.91,0.85,0.87,905104,1090379,1177107,831028,1054891,940004
DF.01,Deepfake-Enabled Insider Threat Amplification,Legal Support,"Internal investigations, HR/legal reviews.",56,0.11,0.05,0.14,0.14,0.09,0.05,0.0113,0.0122,0.0158,0.0148,0.0143,0.0108,0.82,0.74,0.71,0.78,0.89,0.79,957893,956827,760897,791533,724478,974563
DF.01,Deepfake-Enabled Insider Threat Amplification,Negotiation,"Internal investigations, HR/legal reviews.",56,0.11,0.05,0.15,0.06,0.08,0.09,0.0112,0.0143,0.0137,0.018,0.0161,0.0195,0.57,0.46,0.43,0.59,0.55,0.47,743292,898387,807439,839008,742969,777088
DF.01,Deepfake-Enabled Insider Threat Amplification,Recovery,"Access revokes, AI monitoring tools.",56,0.15,0.13,0.13,0.06,0.1,0.14,0.0143,0.011,0.0137,0.0124,0.0168,0.0172,0.98,0.94,0.9,0.96,0.97,0.9,3799955,3790360,3079432,2945597,2784071,3724593
AI.01,AI-Driven Deepfake Fraud (Executive Impersonation),Forensics,"Analyze audio/video artifacts (e.g., using AI detection tools like Reality Defender); trace fraud trails.",61,0.19,0.13,0.19,0.11,0.16,0.15,0.0179,0.0164,0.0165,0.0137,0.0156,0.0147,0.93,0.81,0.81,0.95,0.82,0.93,1178942,1380523,1534055,1149044,1330192,1048134
AI.01,AI-Driven Deepfake Fraud (Executive Impersonation),Legal Support,"Fraud claims, regulatory probes (e.g., FTC for consumer impact); potential lawsuits.",61,0.17,0.11,0.19,0.18,0.19,0.19,0.0154,0.0182,0.0156,0.0195,0.0135,0.0191,0.79,0.81,0.73,0.76,0.82,0.82,1868747,1665771,1694887,1718196,1400652,1064740
AI.01,AI-Driven Deepfake Fraud (Executive Impersonation),Negotiation,"Fraud claims, regulatory probes (e.g., FTC for consumer impact); potential lawsuits.",61,0.14,0.15,0.18,0.18,0.1,0.14,0.0167,0.0154,0.0148,0.0153,0.0158,0.0145,0.49,0.46,0.49,0.5,0.4,0.54,1613871,1074401,1798363,1402156,1249151,986984
AI.01,AI-Driven Deepfake Fraud (Executive Impersonation),Recovery,"Retrain staff, implement biometric verification; recover funds.",61,0.16,0.19,0.15,0.12,0.13,0.11,0.0163,0.0144,0.0104,0.0118,0.0171,0.0187,0.92,0.94,0.92,0.93,0.98,0.96,5931190,5873772,4234377,4632630,3381357,3212726
AM.01,AI Model Poisoning Attack,Forensics,Data/input analysis for poison detection.,61,0.07,0.09,0.07,0.08,0.09,0.07,0.0088,0.0061,0.0081,0.0069,0.0068,0.0088,0.86,0.84,0.87,0.8,0.92,0.83,2999556,1518938,2908517,2439240,1584852,2015756
AM.01,AI Model Poisoning Attack,Legal Support,IP/data integrity lawsuits.,61,0.08,0.07,0.08,0.07,0.07,0.07,0.0089,0.0054,0.0071,0.005,0.005,0.0054,0.81,0.84,0.73,0.85,0.86,0.87,1823890,1256655,1129564,1107470,1305161,1097598
AM.01,AI Model Poisoning Attack,Negotiation,IP/data integrity lawsuits.,61,0.1,0.09,0.05,0.08,0.09,0.07,0.0053,0.0073,0.0088,0.007,0.0058,0.0059,0.53,0.43,0.57,0.6,0.59,0.58,1498026,1723206,1472438,1471138,1223801,1701935
AM.01,AI Model Poisoning Attack,Recovery,"Model retraining, clean data sourcing.",61,0.07,0.08,0.09,0.08,0.06,0.06,0.0095,0.0092,0.0096,0.0064,0.0078,0.0098,0.94,0.98,0.94,0.97,0.9,0.92,7340815,6396554,7424148,7760876,7259848,6406507
RN.01,Ransomware with Triple Extortion,Forensics,"Root cause analysis, malware reverse engineering.",62,0.49,0.49,0.47,0.41,0.45,0.44,0.0572,0.0568,0.0774,0.0562,0.0539,0.0544,0.94,0.87,0.83,0.87,0.9,0.88,1604869,1476363,1948476,1251511,1839772,1303823
RN.01,Ransomware with Triple Extortion,Legal Support,"Ransom negotiations (if policy allows), compliance (e.g., GDPR fines).",62,0.44,0.49,0.41,0.42,0.42,0.43,0.0849,0.0818,0.0933,0.0674,0.0538,0.0943,0.77,0.85,0.84,0.86,0.7,0.89,2295323,1518307,1075317,1990967,1404208,2276374
RN.01,Ransomware with Triple Extortion,Negotiation,"Ransom negotiations (if policy allows), compliance (e.g., GDPR fines).",62,0.46,0.46,0.42,0.42,0.44,0.43,0.0599,0.0865,0.0817,0.0761,0.0707,0.0971,0.59,0.59,0.49,0.57,0.59,0.46,2067337,1761336,1415810,1336688,1981495,2206762
RN.01,Ransomware with Triple Extortion,Recovery,"Decryption/backups, system rebuilds; downtime recovery.",62,0.5,0.44,0.48,0.42,0.42,0.46,0.085,0.0693,0.0587,0.0871,0.0543,0.0778,0.91,0.92,0.97,0.91,0.9,0.94,3426494,5689352,3520964,4003590,4336066,3924935
BD.01,Biometric Data Theft (Deep Learning Bypass),Forensics,"Biometric artifact analysis, theft tracing.",62,0.21,0.18,0.21,0.2,0.21,0.27,0.0097,0.0076,0.0088,0.0055,0.0095,0.0079,0.83,0.86,0.92,0.93,0.84,0.8,2701061,2779367,2050204,1920162,2695513,2016168
BD.01,Biometric Data Theft (Deep Learning Bypass),Legal Support,"Privacy lawsuits, compliance (e.g., CCPA).",62,0.24,0.24,0.21,0.27,0.12,0.12,0.0067,0.0068,0.0093,0.0056,0.0057,0.0084,0.82,0.74,0.81,0.73,0.86,0.84,1281995,1600902,1475956,1514671,1452110,1779179
BD.01,Biometric Data Theft (Deep Learning Bypass),Negotiation,"Privacy lawsuits, compliance (e.g., CCPA).",62,0.26,0.27,0.28,0.21,0.16,0.21,0.0052,0.0079,0.0085,0.0055,0.0093,0.0071,0.49,0.49,0.55,0.41,0.52,0.43,1496171,1318851,1420420,2197478,2036848,1260125
BD.01,Biometric Data Theft (Deep Learning Bypass),Recovery,"Multi-factor upgrades, data purging.",62,0.28,0.19,0.12,0.18,0.3,0.17,0.0063,0.0088,0.0065,0.0064,0.0085,0.0053,0.94,0.91,0.92,0.97,0.93,0.94,6565403,5132585,6655166,6738322,5027218,5365978
AI.01,AI-Driven Deepfake Fraud (Executive Impersonation),Forensics,"Analyze audio/video artifacts (e.g., using AI detection tools like Reality Defender); trace fraud trails.",71,0.14,0.11,0.07,0.11,0.11,0.11,0.0114,0.0127,0.0132,0.0189,0.0148,0.0122,0.81,0.89,0.82,0.85,0.93,0.81,1163992,1312922,1347967,1563745,1811442,1081231
AI.01,AI-Driven Deepfake Fraud (Executive Impersonation),Legal Support,"Fraud claims, regulatory probes (e.g., FTC for consumer impact); potential lawsuits.",71,0.16,0.1,0.14,0.07,0.11,0.14,0.0135,0.0118,0.0174,0.0149,0.0195,0.0199,0.89,0.84,0.89,0.82,0.88,0.89,1543234,1422060,1991748,1727528,1697938,1336606
AI.01,AI-Driven Deepfake Fraud (Executive Impersonation),Negotiation,"Fraud claims, regulatory probes (e.g., FTC for consumer impact); potential lawsuits.",71,0.06,0.07,0.06,0.18,0.05,0.06,0.0148,0.0161,0.0194,0.0122,0.0138,0.0157,0.86,0.87,0.82,0.82,0.88,0.81,1917240,1093543,1127983,1759636,1539653,1796474
AI.01,AI-Driven Deepfake Fraud (Executive Impersonation),Recovery,"Retrain staff, implement biometric verification; recover funds.",71,0.13,0.07,0.17,0.16,0.06,0.07,0.0154,0.0191,0.0139,0.017,0.018,0.0118,0.91,0.96,0.9,0.9,0.97,0.97,3199040,5595862,4228332,4590319,3695698,4048803
AM.01,AI Model Poisoning Attack,Forensics,Data/input analysis for poison detection.,71,0.12,0.07,0.14,0.07,0.05,0.15,0.0061,0.0056,0.0093,0.009,0.0069,0.0055,0.87,0.82,0.93,0.87,0.82,0.87,2552370,2559852,2368335,2041012,1778033,1527525
AM.01,AI Model Poisoning Attack,Legal Support,IP/data integrity lawsuits.,71,0.06,0.13,0.12,0.12,0.15,0.14,0.0082,0.0064,0.009,0.0068,0.0074,0.008,0.77,0.73,0.89,0.77,0.77,0.88,1344559,1576628,1816311,1541615,1971991,1020907
AM.01,AI Model Poisoning Attack,Negotiation,IP/data integrity lawsuits.,71,0.1,0.1,0.11,0.12,0.11,0.11,0.0076,0.0077,0.006,0.0063,0.0071,0.0075,0.84,0.83,0.89,0.85,0.9,0.56,1322038,1457551,1542141,1880714,1134547,1588476
AM.01,AI Model Poisoning Attack,Recovery,"Model retraining, clean data sourcing.",71,0.07,0.1,0.06,0.05,0.15,0.13,0.0074,0.0082,0.0079,0.0057,0.0096,0.0088,0.94,0.95,0.98,0.96,0.92,0.97,7626161,5882045,5672097,5935000,6782552,6518398
VR.01,VR/AR Metaverse Hijacking,Forensics,"Session logs, immersion exploit tracing.",71,0.04,0.03,0.05,0.01,0.05,0.03,0.0056,0.0097,0.0073,0.0053,0.0085,0.0094,0.89,0.95,0.91,0.93,0.93,0.88,1858267,1421427,1228184,1901246,2183507,1745854
VR.01,VR/AR Metaverse Hijacking,Legal Support,"Privacy/safety lawsuits, compliance.",71,0.04,0.04,0.01,0.02,0.04,0.05,0.0063,0.006,0.0068,0.0096,0.0061,0.0058,0.82,0.83,0.83,0.74,0.78,0.85,1368257,1082291,1404542,1235284,1446119,1141305
VR.01,VR/AR Metaverse Hijacking,Negotiation,"Privacy/safety lawsuits, compliance.",71,0.04,0.02,0.04,0.03,0.04,0.02,0.0065,0.0059,0.0062,0.0081,0.0082,0.0052,0.83,0.83,0.83,0.82,0.86,0.84,1480285,1456697,1239019,1310879,1280571,1471508
VR.01,VR/AR Metaverse Hijacking,Recovery,"Platform patches, user authentication upgrades.",71,0.04,0.04,0.03,0.03,0.02,0.05,0.0071,0.0063,0.0064,0.008,0.007,0.0056,0.94,0.97,0.96,0.95,0.94,0.94,4271389,5151411,4060679,5032442,5397666,4010896
IO.01,IoT/OT Zero-Day Exploitation,Forensics,"Device log analysis, zero-day reverse engineering.",72,0.45,0.35,0.33,0.34,0.32,0.48,0.0302,0.0272,0.043,0.0428,0.0337,0.0247,0.92,0.91,0.9,0.88,0.85,0.9,1747821,1215211,1750903,1712344,1246242,1316617
IO.01,IoT/OT Zero-Day Exploitation,Legal Support,"Compliance with ICS standards (e.g., IEC 62443).",72,0.44,0.44,0.42,0.37,0.38,0.34,0.0278,0.0367,0.0402,0.0458,0.0409,0.0494,0.83,0.8,0.8,0.86,0.85,0.89,1749148,1180982,1652927,1657679,1389084,1472823
IO.01,IoT/OT Zero-Day Exploitation,Negotiation,"Compliance with ICS standards (e.g., IEC 62443).",72,0.34,0.34,0.34,0.3,0.38,0.37,0.0289,0.0466,0.0476,0.0499,0.0211,0.0263,0.87,0.83,0.84,0.85,0.83,0.9,1628479,1677010,1660739,1416809,1703244,1852983
IO.01,IoT/OT Zero-Day Exploitation,Recovery,"Patch/firmware updates, device replacement.",72,0.4,0.3,0.42,0.31,0.38,0.36,0.0427,0.0284,0.0415,0.0231,0.0472,0.0274,0.9,0.96,0.91,0.97,0.98,0.95,3841858,3848763,4011158,4361185,3941971,4511146
DF.01,Deepfake-Enabled Insider Threat Amplification,Forensics,"Insider behavior forensics, deepfake validation.",72,0.17,0.14,0.11,0.13,0.15,0.12,0.0119,0.0172,0.0152,0.0164,0.0139,0.0192,0.81,0.86,0.81,0.95,0.89,0.94,942789,1108856,802614,901778,946542,1140897
DF.01,Deepfake-Enabled Insider Threat Amplification,Legal Support,"Internal investigations, HR/legal reviews.",72,0.08,0.18,0.14,0.09,0.08,0.19,0.013,0.0139,0.0167,0.0101,0.0162,0.0121,0.86,0.81,0.7,0.71,0.76,0.7,1399455,1559518,1951065,1389858,1354249,1345505
DF.01,Deepfake-Enabled Insider Threat Amplification,Negotiation,"Internal investigations, HR/legal reviews.",72,0.08,0.13,0.09,0.15,0.17,0.1,0.0154,0.0195,0.0134,0.0124,0.0122,0.0181,0.86,0.83,0.88,0.83,0.83,0.89,1998978,1779009,1827600,1515596,1338690,1597898
DF.01,Deepfake-Enabled Insider Threat Amplification,Recovery,"Access revokes, AI monitoring tools.",72,0.18,0.12,0.1,0.2,0.1,0.09,0.0176,0.0127,0.0118,0.0191,0.0129,0.0107,0.96,0.91,0.96,0.92,0.97,0.97,3386935,3777449,3278232,2797773,2934636,3697036
AP.01,Advanced Persistent Threat (APT) on Critical Infrastructure,Forensics,"APT hunt (e.g., indicators from MITRE), attribution analysis.",81,0.67,0.66,0.8,0.63,0.71,0.74,0.0103,0.0278,0.0213,0.0204,0.0189,0.0206,0.88,0.82,0.87,0.88,0.94,0.82,2983319,2817035,2002495,2747554,2300816,2726718
AP.01,Advanced Persistent Threat (APT) on Critical Infrastructure,Legal Support,"International coordination, CISA reporting.",81,0.77,0.61,0.62,0.76,0.62,0.67,0.0104,0.0287,0.0284,0.0121,0.018,0.0219,0.82,0.72,0.76,0.79,0.76,0.77,2033868,1641391,2306373,2180644,1768271,1874343
AP.01,Advanced Persistent Threat (APT) on Critical Infrastructure,Negotiation,"International coordination, CISA reporting.",81,0.72,0.6,0.76,0.66,0.78,0.75,0.0244,0.0238,0.0193,0.0142,0.0156,0.0132,0.82,0.89,0.89,0.85,0.85,0.9,2443992,1802042,2224056,2036919,1664257,2155684
AP.01,Advanced Persistent Threat (APT) on Critical Infrastructure,Recovery,"Infrastructure rebuild, resilience upgrades.",81,0.66,0.77,0.75,0.63,0.79,0.78,0.0289,0.0102,0.0157,0.013,0.0159,0.0137,0.97,0.96,0.96,0.97,0.97,0.92,6353942,6108089,6433437,5633900,6170165,6389921
FI.01,FIMI/Disinformation Campaign (AI-Generated),Forensics,"Content authenticity analysis, source tracing.",92,0.27,0.32,0.21,0.27,0.33,0.26,0.0117,0.0189,0.017,0.0134,0.0193,0.0179,0.88,0.88,0.83,0.91,0.82,0.87,1709267,1432015,1526712,1467585,1883258,1713654
FI.01,FIMI/Disinformation Campaign (AI-Generated),Legal Support,"Defamation lawsuits, regulatory filings.",92,0.39,0.25,0.31,0.25,0.32,0.21,0.016,0.0116,0.0187,0.0154,0.0198,0.014,0.71,0.8,0.76,0.75,0.73,0.9,2394071,2558284,2715199,2017770,2898466,2048622
FI.01,FIMI/Disinformation Campaign (AI-Generated),Negotiation,"Defamation lawsuits, regulatory filings.",92,0.39,0.31,0.3,0.24,0.33,0.21,0.0103,0.018,0.0177,0.0118,0.0149,0.0168,0.86,0.86,0.81,0.9,0.83,0.84,2063930,2848961,2617455,2390386,1615261,1886763
FI.01,FIMI/Disinformation Campaign (AI-Generated),Recovery,"Public relations campaigns, content takedowns.",92,0.21,0.31,0.32,0.25,0.29,0.24,0.01,0.0142,0.0182,0.0173,0.0132,0.0138,0.9,0.98,0.94,0.93,0.95,0.91,5078848,5165930,4562033,4389746,5406449,4738414
BD.01,Biometric Data Theft (Deep Learning Bypass),Forensics,"Biometric artifact analysis, theft tracing.",92,0.29,0.27,0.24,0.26,0.23,0.25,0.0076,0.0056,0.0083,0.0071,0.007,0.0091,0.92,0.9,0.95,0.85,0.86,0.88,1885649,2041042,2614831,2678219,1905597,1928768
BD.01,Biometric Data Theft (Deep Learning Bypass),Legal Support,"Privacy lawsuits, compliance (e.g., CCPA).",92,0.2,0.26,0.24,0.3,0.22,0.24,0.0061,0.0085,0.0084,0.0093,0.0058,0.0094,0.83,0.78,0.84,0.72,0.78,0.75,1698577,1870423,2018008,1764544,2030821,2700487
BD.01,Biometric Data Theft (Deep Learning Bypass),Negotiation,"Privacy lawsuits, compliance (e.g., CCPA).",92,0.21,0.29,0.23,0.2,0.25,0.3,0.0086,0.0076,0.0059,0.0064,0.0094,0.0095,0.89,0.86,0.84,0.89,0.85,0.83,2405721,2362509,2782374,1785171,1745507,1755827
BD.01,Biometric Data Theft (Deep Learning Bypass),Recovery,"Multi-factor upgrades, data purging.",92,0.24,0.23,0.22,0.28,0.22,0.27,0.0097,0.0053,0.0081,0.0052,0.0066,0.0057,0.96,0.94,0.97,0.91,0.96,0.95,5732290,6050885,5590876,6754042,6108318,5766827
