STATE,NAICS,ENTRSIZE,FIRM,ESTB,EMPL,EMPLFL_N,PAYR,PAYRFL_N,RCPT,RCPTFL_N,STATEDSCR,NAICSDSCR,ENTRSIZEDSCR
0,11,2,15879,15891,22902,G,1246874,G,9000501,G,United States,"Agriculture, Forestry, Fishing and Hunting",<5
0,11,3,3539,3546,23136,G,1124894,G,6625340,G,United States,"Agriculture, Forestry, Fishing and Hunting",5-9
0,11,4,1176,1197,13622,G,702601,G,4006634,G,United States,"Agriculture, Forestry, Fishing and Hunting",10-14
0,11,5,543,548,8932,G,472954,G,2485215,G,United States,"Agriculture, Forestry, Fishing and Hunting",15-19
0,11,6,295,303,6240,G,368409,G,1774206,G,United States,"Agriculture, Forestry, Fishing and Hunting",20-24
0,11,7,207,210,5410,G,308722,G,1672261,G,United States,"Agriculture, Forestry, Fishing and Hunting",25-29
0,11,8,126,140,3872,G,224514,G,1106520,G,United States,"Agriculture, Forestry, Fishing and Hunting",30-34
0,11,9,102,110,3574,G,188223,G,926360,G,United States,"Agriculture, Forestry, Fishing and Hunting",35-39
0,11,10,160,170,6745,G,347953,G,1750022,G,United States,"Agriculture, Forestry, Fishing and Hunting",40-49
0,11,11,181,223,10037,G,569520,G,2966320,G,United States,"Agriculture, Forestry, Fishing and Hunting",50-74
0,11,12,82,103,6521,G,337386,G,1563498,G,United States,"Agriculture, Forestry, Fishing and Hunting",75-99
0,11,13,82,149,7947,G,441451,G,2157315,G,United States,"Agriculture, Forestry, Fishing and Hunting",100-149
0,11,14,45,66,6002,G,311928,G,1422749,H,United States,"Agriculture, Forestry, Fishing and Hunting",150-199
0,11,15,39,115,5796,G,335444,G,1881819,G,United States,"Agriculture, Forestry, Fishing and Hunting",200-299
0,11,16,29,132,6476,G,284505,H,1312231,H,United States,"Agriculture, Forestry, Fishing and Hunting",300-399
0,11,17,13,64,3022,G,171147,G,1032424,G,United States,"Agriculture, Forestry, Fishing and Hunting",400-499
0,11,18,28,78,6329,G,295269,G,1130665,G,United States,"Agriculture, Forestry, Fishing and Hunting",500-749
0,11,19,8,11,2246,H,153084,G,700299,G,United States,"Agriculture, Forestry, Fishing and Hunting",750-999
0,11,31,12,37,6310,G,271039,G,1044520,G,United States,"Agriculture, Forestry, Fishing and Hunting","1,000-1,499"
0,11,22,7,15,2327,H,125994,H,1194037,H,United States,"Agriculture, Forestry, Fishing and Hunting","1,500-1,999"
0,11,23,5,14,292,H,19458,H,137484,H,United States,"Agriculture, Forestry, Fishing and Hunting","2,000-2,499"
0,11,24,13,17,4118,H,96512,G,516445,H,United States,"Agriculture, Forestry, Fishing and Hunting","2,500-4,999"
0,11,25,28,193,6778,J,523751,J,4091907,J,United States,"Agriculture, Forestry, Fishing and Hunting","5,000+"
0,21,2,9788,9811,15255,G,1260739,G,8162499,G,United States,"Mining, Quarrying, and Oil and Gas Extraction",<5
0,21,3,2417,2449,15909,G,1196653,G,6241102,G,United States,"Mining, Quarrying, and Oil and Gas Extraction",5-9
0,21,4,1207,1257,14119,G,1073530,G,6445456,G,United States,"Mining, Quarrying, and Oil and Gas Extraction",10-14
0,21,5,710,768,11734,G,925302,G,4439625,G,United States,"Mining, Quarrying, and Oil and Gas Extraction",15-19
0,21,6,491,554,10220,G,885455,G,5554182,G,United States,"Mining, Quarrying, and Oil and Gas Extraction",20-24
0,21,7,334,360,8908,G,776498,G,4200902,G,United States,"Mining, Quarrying, and Oil and Gas Extraction",25-29
0,21,8,253,290,7660,G,687661,G,3145018,G,United States,"Mining, Quarrying, and Oil and Gas Extraction",30-34
0,21,9,205,252,7292,G,641482,G,5189018,G,United States,"Mining, Quarrying, and Oil and Gas Extraction",35-39
0,21,10,311,406,12781,G,1214186,G,5799159,G,United States,"Mining, Quarrying, and Oil and Gas Extraction",40-49
0,21,11,426,578,23250,G,2185733,G,11524466,G,United States,"Mining, Quarrying, and Oil and Gas Extraction",50-74
0,21,12,220,346,16632,G,1602854,G,8327674,G,United States,"Mining, Quarrying, and Oil and Gas Extraction",75-99
0,21,13,259,557,25217,G,2383150,G,19123177,G,United States,"Mining, Quarrying, and Oil and Gas Extraction",100-149
0,21,14,106,228,13850,G,1400638,G,9627243,G,United States,"Mining, Quarrying, and Oil and Gas Extraction",150-199
0,21,15,142,444,24069,G,2631513,G,29314128,G,United States,"Mining, Quarrying, and Oil and Gas Extraction",200-299
0,21,16,86,322,20680,G,2451165,G,17796902,G,United States,"Mining, Quarrying, and Oil and Gas Extraction",300-399
0,21,17,48,191,13033,G,1805958,H,24256289,G,United States,"Mining, Quarrying, and Oil and Gas Extraction",400-499
0,21,18,78,398,29550,G,3928859,G,69047074,G,United States,"Mining, Quarrying, and Oil and Gas Extraction",500-749
0,21,19,47,340,18149,G,2224503,G,33518866,G,United States,"Mining, Quarrying, and Oil and Gas Extraction",750-999
0,21,31,49,546,28727,G,3686479,G,68522777,H,United States,"Mining, Quarrying, and Oil and Gas Extraction","1,000-1,499"
0,21,22,27,302,20982,G,2535686,H,23879100,G,United States,"Mining, Quarrying, and Oil and Gas Extraction","1,500-1,999"
0,21,23,14,57,10652,H,1405780,H,34060137,G,United States,"Mining, Quarrying, and Oil and Gas Extraction","2,000-2,499"
0,21,24,56,722,45975,G,5291228,G,67030722,H,United States,"Mining, Quarrying, and Oil and Gas Extraction","2,500-4,999"
0,21,25,67,2002,113379,H,13364214,H,253742904,G,United States,"Mining, Quarrying, and Oil and Gas Extraction","5,000+"
0,22,2,3651,3659,6417,G,424208,G,4161786,G,United States,Utilities,<5
0,22,3,1080,1089,6963,G,407306,G,3106812,G,United States,Utilities,5-9
0,22,4,372,389,4322,G,323961,G,2379654,G,United States,Utilities,10-14
0,22,5,190,243,3062,G,245617,G,1909307,G,United States,Utilities,15-19
0,22,6,144,171,3111,G,258209,G,3167196,G,United States,Utilities,20-24
0,22,7,110,138,2876,G,263625,G,3734288,H,United States,Utilities,25-29
0,22,8,91,144,2795,G,235860,G,1937823,G,United States,Utilities,30-34
0,22,9,89,128,3169,G,294490,G,2732233,H,United States,Utilities,35-39
0,22,10,126,193,5542,G,576252,G,9205411,G,United States,Utilities,40-49
0,22,11,216,409,12430,G,1162935,G,12960054,G,United States,Utilities,50-74
0,22,12,154,377,12560,G,1244233,G,17486866,G,United States,Utilities,75-99
0,22,13,152,469,15886,G,1501065,G,15316349,G,United States,Utilities,100-149
0,22,14,62,331,9090,G,982855,G,10183535,G,United States,Utilities,150-199
0,22,15,78,344,16810,G,1839303,G,29765928,G,United States,Utilities,200-299
0,22,16,25,147,7105,G,826736,G,13842498,G,United States,Utilities,300-399
0,22,17,26,195,9457,G,1167819,G,14434043,G,United States,Utilities,400-499
0,22,18,44,407,18068,G,2235124,G,40440894,J,United States,Utilities,500-749
0,22,19,18,135,9840,H,1340840,H,13439349,H,United States,Utilities,750-999
0,22,31,28,553,17304,H,2021022,H,22564610,H,United States,Utilities,"1,000-1,499"
0,22,22,17,461,14020,G,1640294,G,15464313,G,United States,Utilities,"1,500-1,999"
0,22,23,10,393,9987,H,1397275,H,18845510,H,United States,Utilities,"2,000-2,499"
0,22,24,30,869,49057,G,5711598,G,51766413,G,United States,Utilities,"2,500-4,999"
0,22,25,59,9181,405343,H,52614039,H,424618337,G,United States,Utilities,"5,000+"
0,23,2,524170,524204,822576,G,45137243,G,259330425,G,United States,Construction,<5
0,23,3,124087,124164,810782,G,43637800,G,235090890,G,United States,Construction,5-9
0,23,4,46775,46858,546385,G,32810278,G,167105146,G,United States,Construction,10-14
0,23,5,23799,23936,398559,G,25717802,G,129359380,G,United States,Construction,15-19
0,23,6,14487,14633,315203,G,21328222,G,107315036,G,United States,Construction,20-24
0,23,7,9467,9586,252990,G,17677907,G,88875061,G,United States,Construction,25-29
0,23,8,6657,6823,211822,G,15024084,G,77325246,G,United States,Construction,30-34
0,23,9,5122,5296,187608,G,13411853,G,72390412,G,United States,Construction,35-39
0,23,10,6966,7326,304982,G,22352858,G,115375362,G,United States,Construction,40-49
0,23,11,8408,9262,499693,G,37772808,G,198551079,G,United States,Construction,50-74
0,23,12,3995,4701,334354,G,25772574,G,133611706,G,United States,Construction,75-99
0,23,13,3386,4403,393316,G,31111226,G,166440575,G,United States,Construction,100-149
0,23,14,1563,2383,252458,G,20601162,G,106880959,G,United States,Construction,150-199
0,23,15,1407,2652,311249,G,25727671,G,138424578,G,United States,Construction,200-299
0,23,16,552,1207,166867,G,14601573,G,79591725,G,United States,Construction,300-399
0,23,17,351,961,133749,G,11623856,G,66157624,G,United States,Construction,400-499
0,23,18,420,1460,200485,G,17590032,G,101079656,G,United States,Construction,500-749
0,23,19,202,962,126274,G,10930224,G,56340882,G,United States,Construction,750-999
0,23,31,188,1214,146478,G,13429860,G,92165383,G,United States,Construction,"1,000-1,499"
0,23,22,106,1192,115765,G,11281261,G,84052650,G,United States,Construction,"1,500-1,999"
0,23,23,68,523,76459,G,7338571,G,39130050,G,United States,Construction,"2,000-2,499"
0,23,24,134,1872,206876,G,19462179,G,125067501,G,United States,Construction,"2,500-4,999"
0,23,25,177,5033,546917,G,50049331,G,278586350,G,United States,Construction,"5,000+"
0,31,2,179344,179545,320583,G,16329455,G,94281454,G,United States,Food Manufacturing,<5
0,31,3,83027,83532,552631,G,21911167,G,110497585,G,United States,Food Manufacturing,5-9
0,31,4,42363,43005,494237,G,20758474,G,99459111,G,United States,Food Manufacturing,10-14
0,31,5,25455,26275,421267,G,19094575,G,93606285,G,United States,Food Manufacturing,15-19
0,31,6,16875,17512,361791,G,16867262,G,81019198,G,United States,Food Manufacturing,20-24
0,31,7,12005,12733,313546,G,15173387,G,74017108,G,United States,Food Manufacturing,25-29
0,31,8,9146,9819,283212,G,14018919,G,69583141,G,United States,Food Manufacturing,30-34
0,31,9,7145,7666,254312,G,13015320,G,71200377,G,United States,Food Manufacturing,35-39
0,31,10,10137,11144,426487,G,22206925,G,119509609,G,United States,Food Manufacturing,40-49
0,31,11,13999,16189,798716,G,43201044,G,248122115,G,United States,Food Manufacturing,50-74
0,31,12,7944,10078,628237,G,35342370,G,219406590,G,United States,Food Manufacturing,75-99
0,31,13,8017,10674,869132,G,50868769,G,331484469,G,United States,Food Manufacturing,100-149
0,31,14,4315,6510,635623,G,37960514,G,256724736,G,United States,Food Manufacturing,150-199
0,31,15,4801,8148,943242,G,57408628,G,420152084,G,United States,Food Manufacturing,200-299
0,31,16,2420,4916,624634,G,38940884,G,300834762,G,United States,Food Manufacturing,300-399
0,31,17,1504,3635,491913,G,31491960,G,261772147,G,United States,Food Manufacturing,400-499
0,31,18,2215,5890,929416,G,58481844,G,500169998,G,United States,Food Manufacturing,500-749
0,31,19,1291,4180,733103,G,46048307,G,400647926,G,United States,Food Manufacturing,750-999
0,31,22,639,3775,583884,G,38149523,G,317937767,G,United States,Food Manufacturing,"1,000-1,499"
0,31,23,354,2063,431693,G,30055917,G,271412989,G,United States,Food Manufacturing,"1,500-1,999"
0,31,24,1107,8540,1734511,G,118197741,G,1308363940,G,United States,Food Manufacturing,"2,000-2,499"
0,31,25,2109,24927,6995840,G,498733232,G,-2147483648,G,United States,Food Manufacturing,"2,500-4,999"
0,31,26,0,0,0,G,0,G,0,G,United States,Food Manufacturing,"5,000+"
0,32,2,99574,99700,183436,G,10296456,G,65855676,G,United States,Beverage and Tobacco Product Manufacturing,<5
0,32,3,44001,44307,293864,G,13739288,G,72718210,G,United States,Beverage and Tobacco Product Manufacturing,5-9
0,32,4,22685,23117,265030,G,13203161,G,68695172,G,United States,Beverage and Tobacco Product Manufacturing,10-14
0,32,5,13801,14192,229708,G,12337792,G,64156674,G,United States,Beverage and Tobacco Product Manufacturing,15-19
0,32,6,9569,10033,205245,G,11098813,G,62574306,G,United States,Beverage and Tobacco Product Manufacturing,20-24
0,32,7,7231,7676,190414,G,10767685,G,57713972,G,United States,Beverage and Tobacco Product Manufacturing,25-29
0,32,8,5732,6182,176582,G,9766414,G,56176438,G,United States,Beverage and Tobacco Product Manufacturing,30-34
0,32,9,4348,4846,154060,G,8762402,G,48857295,G,United States,Beverage and Tobacco Product Manufacturing,35-39
0,32,10,6806,7630,284072,G,16521749,G,103594474,G,United States,Beverage and Tobacco Product Manufacturing,40-49
0,32,11,9670,11638,537787,G,32451132,G,220992039,G,United States,Beverage and Tobacco Product Manufacturing,50-74
0,32,12,5803,7749,441551,G,26515082,G,173272897,G,United States,Beverage and Tobacco Product Manufacturing,75-99
0,32,13,6327,9609,644786,G,40678841,G,284160712,G,United States,Beverage and Tobacco Product Manufacturing,100-149
0,32,14,3751,6431,498434,G,31147624,G,199542421,G,United States,Beverage and Tobacco Product Manufacturing,150-199
0,32,15,4016,7411,679378,G,44428914,G,315291461,G,United States,Beverage and Tobacco Product Manufacturing,200-299
0,32,16,2089,4548,449259,G,29519558,G,206035449,G,United States,Beverage and Tobacco Product Manufacturing,300-399
0,32,17,1435,3667,342573,G,23386785,G,188249375,G,United States,Beverage and Tobacco Product Manufacturing,400-499
0,32,18,2274,6196,674644,G,47610977,G,435971231,G,United States,Beverage and Tobacco Product Manufacturing,500-749
0,32,19,1238,4087,429224,G,30881373,G,245847090,H,United States,Beverage and Tobacco Product Manufacturing,750-999
0,32,22,952,4310,470675,G,34025227,G,304624215,G,United States,Beverage and Tobacco Product Manufacturing,"1,000-1,499"
0,32,23,589,2079,322425,H,24711351,G,213447031,G,United States,Beverage and Tobacco Product Manufacturing,"1,500-1,999"
0,32,24,1666,11357,1160786,G,89732692,G,1405622179,G,United States,Beverage and Tobacco Product Manufacturing,"2,000-2,499"
0,32,25,3244,28618,4130714,H,345396682,G,-2147483648,G,United States,Beverage and Tobacco Product Manufacturing,"2,500-4,999"
0,32,26,0,0,0,G,0,G,0,G,United States,Beverage and Tobacco Product Manufacturing,"5,000+"
0,33,2,208800,208926,382903,H,23083916,G,110920589,G,United States,Furniture and Related Product Manufacturing,<5
0,33,3,93640,93912,624200,G,32801588,G,140561356,G,United States,Furniture and Related Product Manufacturing,5-9
0,33,4,46846,47187,548889,G,30765504,G,123625235,G,United States,Furniture and Related Product Manufacturing,10-14
0,33,5,29696,30163,493827,G,28994882,G,116089592,G,United States,Furniture and Related Product Manufacturing,15-19
0,33,6,20239,20719,435724,G,26247446,G,108211910,G,United States,Furniture and Related Product Manufacturing,20-24
0,33,7,14934,15467,394581,G,23621304,G,101589479,H,United States,Furniture and Related Product Manufacturing,25-29
0,33,8,11464,11887,356569,G,22028850,G,92090642,H,United States,Furniture and Related Product Manufacturing,30-34
0,33,9,8955,9299,320953,G,20265091,G,85059342,G,United States,Furniture and Related Product Manufacturing,35-39
0,33,10,14183,15033,594506,G,37287196,G,161564575,G,United States,Furniture and Related Product Manufacturing,40-49
0,33,11,19579,21233,1108188,G,70153884,G,316235563,G,United States,Furniture and Related Product Manufacturing,50-74
0,33,12,11542,13223,894179,G,57986830,G,277151259,G,United States,Furniture and Related Product Manufacturing,75-99
0,33,13,11659,14229,1206193,G,77941058,G,382401588,G,United States,Furniture and Related Product Manufacturing,100-149
0,33,14,6499,8586,866543,G,57329855,G,276236413,G,United States,Furniture and Related Product Manufacturing,150-199
0,33,15,6576,9049,1124769,G,74790731,G,391281780,G,United States,Furniture and Related Product Manufacturing,200-299
0,33,16,3546,5573,787790,G,55179940,G,297402596,G,United States,Furniture and Related Product Manufacturing,300-399
0,33,17,2456,4063,617922,G,42376549,G,231750017,G,United States,Furniture and Related Product Manufacturing,400-499
0,33,18,3455,6399,1034541,G,70583425,G,435265239,G,United States,Furniture and Related Product Manufacturing,500-749
0,33,19,2043,4196,741512,G,54452804,G,324702551,G,United States,Furniture and Related Product Manufacturing,750-999
0,33,22,1515,3770,696983,G,52476331,G,325036889,G,United States,Furniture and Related Product Manufacturing,"1,000-1,499"
0,33,23,1036,2735,538238,G,41312153,G,230245353,G,United States,Furniture and Related Product Manufacturing,"1,500-1,999"
0,33,24,3066,8899,2071832,G,162367993,G,1052941404,H,United States,Furniture and Related Product Manufacturing,"2,000-2,499"
0,33,25,5573,22175,8938895,G,795691774,G,-2147483648,G,United States,Furniture and Related Product Manufacturing,"2,500-4,999"
0,33,26,0,0,0,G,0,G,0,G,United States,Furniture and Related Product Manufacturing,"5,000+"
0,42,2,161461,161867,267702,G,18028651,G,337584780,G,United States,Wholesale Trade,<5
0,42,3,44539,45572,293240,G,19566752,G,311733322,G,United States,Wholesale Trade,5-9
0,42,4,19518,20815,226269,G,15828760,G,237913513,G,United States,Wholesale Trade,10-14
0,42,5,10841,12180,179574,G,12831468,G,182829070,G,United States,Wholesale Trade,15-19
0,42,6,7039,8278,149065,G,11008319,G,179890289,G,United States,Wholesale Trade,20-24
0,42,7,4767,5938,123971,G,9176359,G,137231071,G,United States,Wholesale Trade,25-29
0,42,8,3699,4875,112276,G,8241653,G,113379310,G,United States,Wholesale Trade,30-34
0,42,9,2814,3870,98783,G,7307083,G,112299793,G,United States,Wholesale Trade,35-39
0,42,10,4019,5946,165245,G,12357308,G,169786133,G,United States,Wholesale Trade,40-49
0,42,11,5364,9185,292063,G,22365681,G,367990530,G,United States,Wholesale Trade,50-74
0,42,12,2881,5987,213670,G,16883505,G,234886115,G,United States,Wholesale Trade,75-99
0,42,13,2952,7572,287083,G,23008778,G,327653389,G,United States,Wholesale Trade,100-149
0,42,14,1543,4740,196199,G,15588863,G,228453685,G,United States,Wholesale Trade,150-199
0,42,15,1707,7154,277159,G,22856089,G,399831789,G,United States,Wholesale Trade,200-299
0,42,16,899,4602,188760,G,16338708,G,394457963,G,United States,Wholesale Trade,300-399
0,42,17,586,3586,142534,G,12649217,G,166265108,G,United States,Wholesale Trade,400-499
0,42,18,800,6695,233815,G,20304925,G,329984010,G,United States,Wholesale Trade,500-749
0,42,19,440,3964,152293,G,13946300,G,256327060,G,United States,Wholesale Trade,750-999
0,42,31,495,5740,201276,G,18216141,G,266877152,G,United States,Wholesale Trade,"1,000-1,499"
0,42,22,281,4095,143228,G,13130559,G,273147161,G,United States,Wholesale Trade,"1,500-1,999"
0,42,23,170,3327,107800,G,10952484,G,249579279,H,United States,Wholesale Trade,"2,000-2,499"
0,42,24,449,9950,350699,G,38942004,G,841324683,G,United States,Wholesale Trade,"2,500-4,999"
0,42,25,668,42768,1740526,G,175665933,G,5517903268,G,United States,Wholesale Trade,"5,000+"
0,44,2,1384299,1388514,2623006,G,96287585,G,1299139913,G,United States,Motor Vehicle and Parts Dealers,<5
0,44,3,505491,518275,3319233,G,110812509,G,1182170718,G,United States,Motor Vehicle and Parts Dealers,5-9
0,44,4,190872,208555,2216982,G,78827384,G,759249615,G,United States,Motor Vehicle and Parts Dealers,10-14
0,44,5,90254,105344,1488794,G,55315838,G,517892117,G,United States,Motor Vehicle and Parts Dealers,15-19
0,44,6,52419,67283,1112683,G,43252486,G,409127252,G,United States,Motor Vehicle and Parts Dealers,20-24
0,44,7,33947,46104,878110,G,36247672,G,352096219,G,United States,Motor Vehicle and Parts Dealers,25-29
0,44,8,25309,36082,771542,G,33668767,G,337283340,G,United States,Motor Vehicle and Parts Dealers,30-34
0,44,9,18866,27614,658862,G,30421921,G,313009627,G,United States,Motor Vehicle and Parts Dealers,35-39
0,44,10,27484,43372,1134323,G,55825662,G,604825245,G,United States,Motor Vehicle and Parts Dealers,40-49
0,44,11,35862,65605,1972661,G,106817174,G,1164938891,G,United States,Motor Vehicle and Parts Dealers,50-74
0,44,12,18194,39710,1388088,G,83073595,G,904613476,G,United States,Motor Vehicle and Parts Dealers,75-99
0,44,13,16335,48511,1641696,G,99216896,G,1073489774,G,United States,Motor Vehicle and Parts Dealers,100-149
0,44,14,7405,30759,960589,G,57944858,G,645728697,G,United States,Motor Vehicle and Parts Dealers,150-199
0,44,15,6377,42621,1041748,G,61622112,G,681702424,G,United States,Motor Vehicle and Parts Dealers,200-299
0,44,16,3154,27245,674229,G,37213196,G,415816017,G,United States,Motor Vehicle and Parts Dealers,300-399
0,44,17,1946,24081,482480,G,25083542,G,273741936,G,United States,Motor Vehicle and Parts Dealers,400-499
0,44,18,2734,44899,832176,G,40263284,G,445787870,G,United States,Motor Vehicle and Parts Dealers,500-749
0,44,19,1471,33852,576648,G,28888537,G,327653420,G,United States,Motor Vehicle and Parts Dealers,750-999
0,44,22,852,29049,644829,G,30603014,G,340082831,G,United States,Motor Vehicle and Parts Dealers,"1,000-1,499"
0,44,23,456,20452,464876,G,20339237,G,262101971,G,United States,Motor Vehicle and Parts Dealers,"1,500-1,999"
0,44,24,1267,70724,1456549,G,53273798,G,597963581,G,United States,Motor Vehicle and Parts Dealers,"2,000-2,499"
0,44,25,3031,1031351,32458207,G,1000763716,G,-2147483648,G,United States,Motor Vehicle and Parts Dealers,"2,500-4,999"
0,44,26,0,0,0,G,0,G,0,G,United States,Motor Vehicle and Parts Dealers,"5,000+"
0,45,2,550580,552216,892704,H,33206740,G,335473152,G,United States,"Sporting Goods, Hobby, Musical Instrument, and Book Stores",<5
0,45,3,141261,145577,919528,G,29500784,G,238036601,G,United States,"Sporting Goods, Hobby, Musical Instrument, and Book Stores",5-9
0,45,4,48774,54040,561248,G,19257616,G,145433940,G,United States,"Sporting Goods, Hobby, Musical Instrument, and Book Stores",10-14
0,45,5,21732,25674,355004,G,13140774,G,98167596,G,United States,"Sporting Goods, Hobby, Musical Instrument, and Book Stores",15-19
0,45,6,12392,16612,258912,G,9875244,G,75170708,G,United States,"Sporting Goods, Hobby, Musical Instrument, and Book Stores",20-24
0,45,7,7464,10356,186304,G,7065396,G,48823804,G,United States,"Sporting Goods, Hobby, Musical Instrument, and Book Stores",25-29
0,45,8,4992,7569,146073,G,5962424,G,47323543,G,United States,"Sporting Goods, Hobby, Musical Instrument, and Book Stores",30-34
0,45,9,3522,5456,115848,G,5046244,G,38868568,G,United States,"Sporting Goods, Hobby, Musical Instrument, and Book Stores",35-39
0,45,10,4906,8476,186688,G,8220808,G,74101176,G,United States,"Sporting Goods, Hobby, Musical Instrument, and Book Stores",40-49
0,45,11,5773,11678,279082,G,12194850,G,97262781,G,United States,"Sporting Goods, Hobby, Musical Instrument, and Book Stores",50-74
0,45,12,2798,6856,178592,G,8429618,G,71540550,G,United States,"Sporting Goods, Hobby, Musical Instrument, and Book Stores",75-99
0,45,13,2779,8002,217418,G,10322914,G,92206892,G,United States,"Sporting Goods, Hobby, Musical Instrument, and Book Stores",100-149
0,45,14,1518,5658,156602,G,7685702,G,103290762,G,United States,"Sporting Goods, Hobby, Musical Instrument, and Book Stores",150-199
0,45,15,1621,7484,208593,H,11260481,G,107737322,G,United States,"Sporting Goods, Hobby, Musical Instrument, and Book Stores",200-299
0,45,16,807,4811,125032,H,6244808,H,57764937,H,United States,"Sporting Goods, Hobby, Musical Instrument, and Book Stores",300-399
0,45,17,508,3217,93402,H,5289802,G,45970663,G,United States,"Sporting Goods, Hobby, Musical Instrument, and Book Stores",400-499
0,45,18,856,7852,218475,H,10880216,H,84304622,G,United States,"Sporting Goods, Hobby, Musical Instrument, and Book Stores",500-749
0,45,19,487,6171,135436,G,6427537,G,56924374,G,United States,"Sporting Goods, Hobby, Musical Instrument, and Book Stores",750-999
0,45,22,294,5476,145966,J,8293945,J,73437192,J,United States,"Sporting Goods, Hobby, Musical Instrument, and Book Stores","1,000-1,499"
0,45,23,209,3538,115087,J,5166070,J,57053924,J,United States,"Sporting Goods, Hobby, Musical Instrument, and Book Stores","1,500-1,999"
0,45,24,487,20178,370642,H,15705084,H,145023321,H,United States,"Sporting Goods, Hobby, Musical Instrument, and Book Stores","2,000-2,499"
0,45,25,1236,284106,13692366,G,438273736,G,-2147483648,G,United States,"Sporting Goods, Hobby, Musical Instrument, and Book Stores","2,500-4,999"
0,45,26,0,0,0,G,0,G,0,G,United States,"Sporting Goods, Hobby, Musical Instrument, and Book Stores","5,000+"
0,48,2,807418,807816,1080886,G,52842657,G,420350285,G,United States,Transportation,<5
0,48,3,119550,120385,783642,G,39820144,G,234605769,G,United States,Transportation,5-9
0,48,4,50049,51166,584302,G,30746575,G,162902861,G,United States,Transportation,10-14
0,48,5,29725,30819,494571,G,26631667,G,128296709,G,United States,Transportation,15-19
0,48,6,18287,19434,391706,G,21374159,G,96825570,G,United States,Transportation,20-24
0,48,7,13315,14453,351588,G,19365765,G,87103313,G,United States,Transportation,25-29
0,48,8,9266,10369,284355,G,15784966,G,70677339,G,United States,Transportation,30-34
0,48,9,7070,8138,251719,G,13811250,G,63282551,G,United States,Transportation,35-39
0,48,10,10251,12434,430425,G,23920528,G,105655151,G,United States,Transportation,40-49
0,48,11,13451,17469,757662,G,40382568,G,166766221,G,United States,Transportation,50-74
0,48,12,8015,11870,615384,G,32136991,G,135129717,G,United States,Transportation,75-99
0,48,13,7324,13046,738763,G,40534668,G,187010219,G,United States,Transportation,100-149
0,48,14,3641,9432,472961,G,27689916,G,118805931,G,United States,Transportation,150-199
0,48,15,3648,9986,594484,G,36837663,G,172674176,G,United States,Transportation,200-299
0,48,16,1812,5815,355924,G,21852151,G,90161397,G,United States,Transportation,300-399
0,48,17,1349,6093,332433,G,22235596,G,89990384,G,United States,Transportation,400-499
0,48,18,1883,8842,508157,G,33627366,G,153371504,G,United States,Transportation,500-749
0,48,19,1163,6871,356305,G,23885510,G,107622253,G,United States,Transportation,750-999
0,48,22,817,7409,394225,G,26551694,G,135948084,G,United States,Transportation,"1,000-1,499"
0,48,23,351,2880,211015,G,14437724,G,49534776,G,United States,Transportation,"1,500-1,999"
0,48,24,1435,16633,1030026,G,72291619,G,368822887,G,United States,Transportation,"2,000-2,499"
0,48,25,3096,121301,8916465,G,595961546,G,-2147483648,H,United States,Transportation,"2,500-4,999"
0,48,26,0,0,0,G,0,G,0,G,United States,Transportation,"5,000+"
0,49,2,33086,33164,46724,H,3133608,G,18776360,G,United States,Warehousing and Storage,<5
0,49,3,8078,8236,52924,H,2286072,H,11841332,H,United States,Warehousing and Storage,5-9
0,49,4,5130,5312,57868,H,2569456,G,11325152,G,United States,Warehousing and Storage,10-14
0,49,5,3728,3872,59228,H,2556640,G,9380904,G,United States,Warehousing and Storage,15-19
0,49,6,2908,3156,59108,H,2535292,G,8370352,G,United States,Warehousing and Storage,20-24
0,49,7,2183,2320,52384,G,2256320,G,6989020,G,United States,Warehousing and Storage,25-29
0,49,8,1822,2044,51680,G,2183476,G,6704800,G,United States,Warehousing and Storage,30-34
0,49,9,1301,1540,39792,H,1764872,H,5632240,H,United States,Warehousing and Storage,35-39
0,49,10,2278,2732,87532,G,3759404,G,10765240,G,United States,Warehousing and Storage,40-49
0,49,11,4691,5532,246192,G,8985000,G,21939308,G,United States,Warehousing and Storage,50-74
0,49,12,3373,4112,243644,G,7977208,G,20576500,G,United States,Warehousing and Storage,75-99
0,49,13,2784,3932,237008,G,8163124,G,19283980,G,United States,Warehousing and Storage,100-149
0,49,14,1168,2304,103132,H,4444268,G,12296788,G,United States,Warehousing and Storage,150-199
0,49,15,1334,3084,127136,H,6434760,G,13192952,G,United States,Warehousing and Storage,200-299
0,49,16,721,1920,73644,G,3724016,G,8856852,H,United States,Warehousing and Storage,300-399
0,49,17,494,1332,57888,G,3056164,H,7333644,G,United States,Warehousing and Storage,400-499
0,49,18,948,2740,126588,G,6195080,G,14085920,H,United States,Warehousing and Storage,500-749
0,49,19,558,1924,101668,H,5002408,H,9848692,H,United States,Warehousing and Storage,750-999
0,49,22,400,1500,68083,J,3392619,J,7084258,J,United States,Warehousing and Storage,"1,000-1,499"
0,49,23,220,852,41396,J,3192936,J,2389956,H,United States,Warehousing and Storage,"1,500-1,999"
0,49,24,782,3508,254508,J,14515772,J,26274744,J,United States,Warehousing and Storage,"2,000-2,499"
0,49,25,2102,50688,7652360,G,345794512,G,622886668,G,United States,Warehousing and Storage,"2,500-4,999"
0,49,26,0,0,0,G,0,G,0,G,United States,Warehousing and Storage,"5,000+"
0,51,2,59695,59805,82556,G,8001296,G,30912313,G,United States,Information,<5
0,51,3,11219,11500,73800,G,4960200,G,17078724,G,United States,Information,5-9
0,51,4,4744,5016,55070,G,3972855,G,13398291,G,United States,Information,10-14
0,51,5,2552,2830,42290,G,3156147,G,10172813,G,United States,Information,15-19
0,51,6,1649,1993,35225,G,2694378,G,8445759,G,United States,Information,20-24
0,51,7,1159,1432,30557,G,2376843,G,8064869,G,United States,Information,25-29
0,51,8,822,1027,25038,G,2024782,G,6256154,G,United States,Information,30-34
0,51,9,663,822,23659,G,2079565,G,7006495,G,United States,Information,35-39
0,51,10,1001,1461,42531,G,3806894,G,12444755,G,United States,Information,40-49
0,51,11,1333,2270,75752,G,6859858,G,22171355,G,United States,Information,50-74
0,51,12,762,1373,61158,G,6045136,G,20451542,G,United States,Information,75-99
0,51,13,877,1932,96497,G,10271467,G,31746663,G,United States,Information,100-149
0,51,14,479,1058,72598,G,8196547,G,25932800,G,United States,Information,150-199
0,51,15,530,1726,106856,G,11635567,G,35003196,G,United States,Information,200-299
0,51,16,316,1299,87216,G,10813112,G,32254193,G,United States,Information,300-399
0,51,17,186,779,62631,G,7559201,G,22679402,G,United States,Information,400-499
0,51,18,288,2164,130514,G,17064338,G,52891475,G,United States,Information,500-749
0,51,19,149,1526,87216,G,11984763,G,38698921,G,United States,Information,750-999
0,51,31,183,1955,123284,G,18340374,G,56949907,G,United States,Information,"1,000-1,499"
0,51,22,102,1392,99442,G,15483725,H,55831460,H,United States,Information,"1,500-1,999"
0,51,23,70,2305,75104,G,13579435,G,43807327,G,United States,Information,"2,000-2,499"
0,51,24,194,6717,285362,G,42457608,G,149429956,G,United States,Information,"2,500-4,999"
0,51,25,359,48564,1859656,G,302316435,G,1437820931,G,United States,Information,"5,000+"
0,52,2,179506,179806,301683,G,20561167,G,81967722,G,United States,Finance and Insurance,<5
0,52,3,34966,35868,222237,G,16049024,G,52106360,G,United States,Finance and Insurance,5-9
0,52,4,9009,10302,104157,G,9481485,G,30704922,G,United States,Finance and Insurance,10-14
0,52,5,4044,5423,66658,G,6877818,G,23218749,G,United States,Finance and Insurance,15-19
0,52,6,2401,3784,51423,G,5667713,G,19230949,G,United States,Finance and Insurance,20-24
0,52,7,1721,2993,45143,G,4970155,G,16427242,G,United States,Finance and Insurance,25-29
0,52,8,1300,2492,40124,G,4434886,G,14911728,G,United States,Finance and Insurance,30-34
0,52,9,941,2077,33642,G,3892494,G,13422083,G,United States,Finance and Insurance,35-39
0,52,10,1540,3949,65002,G,7623528,G,28576245,G,United States,Finance and Insurance,40-49
0,52,11,2121,6735,120462,G,13612910,G,49610845,G,United States,Finance and Insurance,50-74
0,52,12,1250,5584,101552,G,11764171,G,47862416,G,United States,Finance and Insurance,75-99
0,52,13,1426,8669,158556,G,19014745,G,77295710,G,United States,Finance and Insurance,100-149
0,52,14,794,6480,124129,G,15703335,G,71771132,G,United States,Finance and Insurance,150-199
0,52,15,895,8838,191917,G,22801503,G,111629916,G,United States,Finance and Insurance,200-299
0,52,16,487,6210,142798,G,22094680,G,88008795,G,United States,Finance and Insurance,300-399
0,52,17,309,4926,112138,G,14718762,G,70410878,G,United States,Finance and Insurance,400-499
0,52,18,403,8099,196520,G,22455383,G,110012653,G,United States,Finance and Insurance,500-749
0,52,19,248,7399,159799,G,19820133,G,97228428,G,United States,Finance and Insurance,750-999
0,52,31,231,9216,205182,G,29389273,G,183352870,G,United States,Finance and Insurance,"1,000-1,499"
0,52,22,155,7523,194301,G,29021881,G,205677033,G,United States,Finance and Insurance,"1,500-1,999"
0,52,23,104,8065,153315,G,22385161,G,143140929,G,United States,Finance and Insurance,"2,000-2,499"
0,52,24,235,22178,492193,G,66776803,G,535270741,G,United States,Finance and Insurance,"2,500-4,999"
0,52,25,450,123930,3548966,G,456019972,G,3681452512,G,United States,Finance and Insurance,"5,000+"
0,53,2,305689,306079,403485,H,23642240,G,157496330,G,United States,Real Estate and Rental and Leasing,<5
0,53,3,31943,32848,204891,G,10947633,G,65246868,G,United States,Real Estate and Rental and Leasing,5-9
0,53,4,9866,10924,113651,G,6743899,G,35491846,G,United States,Real Estate and Rental and Leasing,10-14
0,53,5,4578,5607,75125,G,4606304,G,22602533,G,United States,Real Estate and Rental and Leasing,15-19
0,53,6,2690,3647,56985,G,3651110,G,17391843,G,United States,Real Estate and Rental and Leasing,20-24
0,53,7,1785,2414,45909,G,2905522,G,13836630,G,United States,Real Estate and Rental and Leasing,25-29
0,53,8,1310,1967,39959,G,2614022,G,11866308,G,United States,Real Estate and Rental and Leasing,30-34
0,53,9,933,1483,32312,G,2044480,G,8985194,G,United States,Real Estate and Rental and Leasing,35-39
0,53,10,1270,2390,51086,G,3417645,G,17872652,G,United States,Real Estate and Rental and Leasing,40-49
0,53,11,1753,4157,94858,G,6981201,G,32410991,G,United States,Real Estate and Rental and Leasing,50-74
0,53,12,906,2892,65532,G,4636593,G,20494305,G,United States,Real Estate and Rental and Leasing,75-99
0,53,13,993,4950,93136,G,6853678,G,31950531,G,United States,Real Estate and Rental and Leasing,100-149
0,53,14,485,3218,59204,G,4249422,G,20229153,G,United States,Real Estate and Rental and Leasing,150-199
0,53,15,604,6709,98351,G,7252194,G,37453243,G,United States,Real Estate and Rental and Leasing,200-299
0,53,16,298,4212,62652,G,4684543,G,28694130,G,United States,Real Estate and Rental and Leasing,300-399
0,53,17,219,4066,55260,G,4024116,G,26922301,H,United States,Real Estate and Rental and Leasing,400-499
0,53,18,283,5916,83157,G,6339145,G,41024689,G,United States,Real Estate and Rental and Leasing,500-749
0,53,19,150,3155,45507,G,3067691,G,17403501,G,United States,Real Estate and Rental and Leasing,750-999
0,53,31,188,4218,64614,G,5715804,G,37023681,G,United States,Real Estate and Rental and Leasing,"1,000-1,499"
0,53,22,87,3431,45546,G,3621009,H,32077460,G,United States,Real Estate and Rental and Leasing,"1,500-1,999"
0,53,23,60,2095,25616,H,2147680,G,12937827,G,United States,Real Estate and Rental and Leasing,"2,000-2,499"
0,53,24,165,11052,106258,G,9772284,G,58447541,G,United States,Real Estate and Rental and Leasing,"2,500-4,999"
0,53,25,302,39226,410031,H,32224353,G,183117978,H,United States,Real Estate and Rental and Leasing,"5,000+"
0,54,2,652709,653155,914744,G,67674185,G,244538368,G,United States,"Professional, Scientific, and Technical Services",<5
0,54,3,103960,104788,678450,G,47669646,G,142445295,G,United States,"Professional, Scientific, and Technical Services",5-9
0,54,4,38737,40145,451132,G,34480447,G,97263658,G,United States,"Professional, Scientific, and Technical Services",10-14
0,54,5,19600,21002,326222,G,26495883,G,71261720,G,United States,"Professional, Scientific, and Technical Services",15-19
0,54,6,11475,12831,248653,G,21291556,G,56364318,G,United States,"Professional, Scientific, and Technical Services",20-24
0,54,7,7377,8557,195592,G,17302431,G,44879898,G,United States,"Professional, Scientific, and Technical Services",25-29
0,54,8,5261,6513,164725,G,14920222,G,40118676,G,United States,"Professional, Scientific, and Technical Services",30-34
0,54,9,3892,5075,140752,G,12853820,G,32624606,G,United States,"Professional, Scientific, and Technical Services",35-39
0,54,10,5554,7449,238866,G,22683779,G,56768859,G,United States,"Professional, Scientific, and Technical Services",40-49
0,54,11,7108,10633,410837,G,40954472,G,103158942,G,United States,"Professional, Scientific, and Technical Services",50-74
0,54,12,3724,6624,299947,G,30704698,G,77829823,G,United States,"Professional, Scientific, and Technical Services",75-99
0,54,13,3691,8057,406993,G,43851135,G,107617529,G,United States,"Professional, Scientific, and Technical Services",100-149
0,54,14,1838,4789,277264,G,29679368,G,75945241,G,United States,"Professional, Scientific, and Technical Services",150-199
0,54,15,1940,6062,388791,G,44130240,G,108954314,G,United States,"Professional, Scientific, and Technical Services",200-299
0,54,16,1028,3574,275891,G,31522462,G,83946474,G,United States,"Professional, Scientific, and Technical Services",300-399
0,54,17,635,3022,203940,G,23227391,G,56433447,G,United States,"Professional, Scientific, and Technical Services",400-499
0,54,18,879,4485,352027,G,40532107,G,102548459,G,United States,"Professional, Scientific, and Technical Services",500-749
0,54,19,449,2914,230028,G,28399646,G,73907439,G,United States,"Professional, Scientific, and Technical Services",750-999
0,54,31,547,5315,342262,G,45282838,G,115335650,G,United States,"Professional, Scientific, and Technical Services","1,000-1,499"
0,54,22,312,3355,247417,G,34229210,G,86592926,G,United States,"Professional, Scientific, and Technical Services","1,500-1,999"
0,54,23,211,3162,169707,G,18990898,G,51291740,G,United States,"Professional, Scientific, and Technical Services","2,000-2,499"
0,54,24,492,6091,467068,G,57167522,G,148814252,G,United States,"Professional, Scientific, and Technical Services","2,500-4,999"
0,54,25,886,46705,2720796,G,333800332,G,740199341,G,United States,"Professional, Scientific, and Technical Services","5,000+"
0,55,2,3450,3459,3992,H,792065,G,4092991,G,United States,Management of Companies and Enterprises,<5
0,55,3,742,753,3296,G,356355,G,1354489,H,United States,Management of Companies and Enterprises,5-9
0,55,4,594,608,3465,G,358051,G,879801,G,United States,Management of Companies and Enterprises,10-14
0,55,5,459,469,3166,G,394741,G,914802,G,United States,Management of Companies and Enterprises,15-19
0,55,6,440,454,3846,G,522991,G,1812288,H,United States,Management of Companies and Enterprises,20-24
0,55,7,418,435,3665,G,299948,G,422122,G,United States,Management of Companies and Enterprises,25-29
0,55,8,425,433,4185,G,396659,G,826064,G,United States,Management of Companies and Enterprises,30-34
0,55,9,388,406,4100,G,356776,G,633082,G,United States,Management of Companies and Enterprises,35-39
0,55,10,758,791,9359,G,759741,G,978058,G,United States,Management of Companies and Enterprises,40-49
0,55,11,1469,1524,22067,G,1950224,G,2128119,G,United States,Management of Companies and Enterprises,50-74
0,55,12,1235,1293,23617,G,2113431,G,2284678,G,United States,Management of Companies and Enterprises,75-99
0,55,13,1929,2029,47438,G,4341027,G,3545576,G,United States,Management of Companies and Enterprises,100-149
0,55,14,1415,1517,41112,G,3669014,G,3422522,H,United States,Management of Companies and Enterprises,150-199
0,55,15,2015,2238,77351,G,7469640,G,7844897,H,United States,Management of Companies and Enterprises,200-299
0,55,16,1315,1493,63635,G,6265107,G,7395934,H,United States,Management of Companies and Enterprises,300-399
0,55,17,988,1158,62593,G,6197927,G,4058935,G,United States,Management of Companies and Enterprises,400-499
0,55,18,1570,1899,122229,G,13500175,G,4113595,G,United States,Management of Companies and Enterprises,500-749
0,55,19,930,1291,93316,G,10166652,G,4103051,G,United States,Management of Companies and Enterprises,750-999
0,55,31,1153,1772,155808,G,18852997,G,6080402,G,United States,Management of Companies and Enterprises,"1,000-1,499"
0,55,22,666,1105,118824,G,13862852,G,7080900,G,United States,Management of Companies and Enterprises,"1,500-1,999"
0,55,23,445,800,112945,G,12431076,G,7080783,H,United States,Management of Companies and Enterprises,"2,000-2,499"
0,55,24,1077,2617,341496,G,43545543,G,14521599,G,United States,Management of Companies and Enterprises,"2,500-4,999"
0,55,25,1532,22674,2340472,G,315898369,G,145891355,H,United States,Management of Companies and Enterprises,"5,000+"
0,56,2,243585,243723,356783,G,19667720,G,81625340,G,United States,Administrative and Support and Waste Management and Remediation Services,<5
0,56,3,54965,55227,359653,G,16256168,G,55953025,G,United States,Administrative and Support and Waste Management and Remediation Services,5-9
0,56,4,21800,22149,253842,G,12150330,G,38962796,G,United States,Administrative and Support and Waste Management and Remediation Services,10-14
0,56,5,11682,12042,194892,G,9368741,G,28176350,G,United States,Administrative and Support and Waste Management and Remediation Services,15-19
0,56,6,7432,7803,160320,G,7968421,G,22525220,G,United States,Administrative and Support and Waste Management and Remediation Services,20-24
0,56,7,4976,5280,131407,G,6627601,G,19099991,G,United States,Administrative and Support and Waste Management and Remediation Services,25-29
0,56,8,3730,4072,116497,G,5833341,G,16218064,G,United States,Administrative and Support and Waste Management and Remediation Services,30-34
0,56,9,2840,3124,102501,G,4992490,G,13965916,G,United States,Administrative and Support and Waste Management and Remediation Services,35-39
0,56,10,4090,4569,174646,G,8810720,G,23385515,G,United States,Administrative and Support and Waste Management and Remediation Services,40-49
0,56,11,5339,6448,306193,G,15419602,G,40852147,G,United States,Administrative and Support and Waste Management and Remediation Services,50-74
0,56,12,2941,3706,232340,G,11605083,G,28223510,G,United States,Administrative and Support and Waste Management and Remediation Services,75-99
0,56,13,3092,4430,335283,G,16688946,G,40686166,G,United States,Administrative and Support and Waste Management and Remediation Services,100-149
0,56,14,1763,2734,261077,G,12455681,G,28869584,G,United States,Administrative and Support and Waste Management and Remediation Services,150-199
0,56,15,1980,3465,391514,G,18373703,G,44775401,G,United States,Administrative and Support and Waste Management and Remediation Services,200-299
0,56,16,1044,2254,276085,G,13204890,G,29886599,G,United States,Administrative and Support and Waste Management and Remediation Services,300-399
0,56,17,731,2038,238479,G,11169936,G,28142966,G,United States,Administrative and Support and Waste Management and Remediation Services,400-499
0,56,18,1065,3222,461616,G,22099221,G,45467219,G,United States,Administrative and Support and Waste Management and Remediation Services,500-749
0,56,19,549,2046,312438,G,15330297,G,31265129,G,United States,Administrative and Support and Waste Management and Remediation Services,750-999
0,56,31,652,3637,496696,G,22864703,G,46052207,G,United States,Administrative and Support and Waste Management and Remediation Services,"1,000-1,499"
0,56,22,333,3264,323280,G,16675579,G,34269154,G,United States,Administrative and Support and Waste Management and Remediation Services,"1,500-1,999"
0,56,23,257,2135,316449,G,15252314,G,27788409,G,United States,Administrative and Support and Waste Management and Remediation Services,"2,000-2,499"
0,56,24,520,5436,926957,G,51046734,G,94479470,G,United States,Administrative and Support and Waste Management and Remediation Services,"2,500-4,999"
0,56,25,826,47677,6849761,G,430415055,G,564750740,G,United States,Administrative and Support and Waste Management and Remediation Services,"5,000+"
0,61,2,52200,52282,78623,G,3611923,G,14284502,G,United States,Educational Services,<5
0,61,3,16264,16393,109105,G,3094896,G,9958414,G,United States,Educational Services,5-9
0,61,4,8673,8861,101357,G,2704364,G,7795310,G,United States,Educational Services,10-14
0,61,5,4951,5155,82681,G,2295621,G,6128551,G,United States,Educational Services,15-19
0,61,6,3304,3559,71558,G,2125753,G,5432331,G,United States,Educational Services,20-24
0,61,7,2445,2638,64866,G,2038768,G,5122120,G,United States,Educational Services,25-29
0,61,8,1819,2050,57312,G,1877341,G,4609312,G,United States,Educational Services,30-34
0,61,9,1432,1611,52117,G,1783314,G,4250590,G,United States,Educational Services,35-39
0,61,10,2212,2541,96733,G,3486334,G,8238259,G,United States,Educational Services,40-49
0,61,11,3095,3716,183879,G,7397332,G,17583872,G,United States,Educational Services,50-74
0,61,12,1686,2180,140872,G,6210902,G,14685908,G,United States,Educational Services,75-99
0,61,13,1574,2000,182240,G,8675082,G,20479435,G,United States,Educational Services,100-149
0,61,14,840,1314,134942,G,6733361,G,16190907,G,United States,Educational Services,150-199
0,61,15,832,1547,186540,G,9611908,G,23417433,G,United States,Educational Services,200-299
0,61,16,400,828,123359,G,6006958,G,15533124,G,United States,Educational Services,300-399
0,61,17,289,766,106299,G,4819290,G,13788885,G,United States,Educational Services,400-499
0,61,18,356,1298,180776,G,7284944,G,22562520,G,United States,Educational Services,500-749
0,61,19,199,923,137887,G,5643838,G,19010957,G,United States,Educational Services,750-999
0,61,31,224,1139,222068,G,9325601,G,29303516,G,United States,Educational Services,"1,000-1,499"
0,61,22,122,573,171849,G,6921825,G,21114357,G,United States,Educational Services,"1,500-1,999"
0,61,23,81,428,134943,G,6184183,G,21371713,G,United States,Educational Services,"2,000-2,499"
0,61,24,106,1086,225617,G,10596421,G,33515776,G,United States,Educational Services,"2,500-4,999"
0,61,25,183,1918,898217,G,61998052,G,206898313,G,United States,Educational Services,"5,000+"
0,62,2,367849,368579,594793,G,38875156,G,126092661,G,United States,Health Care and Social Assistance,<5
0,62,3,134359,135688,900195,G,43198929,G,119394496,G,United States,Health Care and Social Assistance,5-9
0,62,4,60901,63353,712865,G,34393904,G,88836947,G,United States,Health Care and Social Assistance,10-14
0,62,5,30818,33613,516767,G,24890995,G,62616603,G,United States,Health Care and Social Assistance,15-19
0,62,6,19088,22214,415654,G,19844970,G,48855800,G,United States,Health Care and Social Assistance,20-24
0,62,7,12374,15151,331359,G,15920572,G,37987715,G,United States,Health Care and Social Assistance,25-29
0,62,8,8901,11592,282508,G,13535751,G,32482626,G,United States,Health Care and Social Assistance,30-34
0,62,9,6800,9302,249603,G,11898343,G,28669650,G,United States,Health Care and Social Assistance,35-39
0,62,10,9701,14676,425731,G,20086779,G,47738958,G,United States,Health Care and Social Assistance,40-49
0,62,11,13180,23096,786569,G,37052068,G,88479938,G,United States,Health Care and Social Assistance,50-74
0,62,12,7285,15908,612578,G,28825574,G,67376069,G,United States,Health Care and Social Assistance,75-99
0,62,13,7687,21410,907509,G,43411414,G,103062401,G,United States,Health Care and Social Assistance,100-149
0,62,14,3814,14463,631802,G,30466668,G,73515169,G,United States,Health Care and Social Assistance,150-199
0,62,15,3798,19310,873587,G,44006892,G,103162111,G,United States,Health Care and Social Assistance,200-299
0,62,16,1795,12422,574446,G,28861666,G,69162386,G,United States,Health Care and Social Assistance,300-399
0,62,17,1092,9867,444972,G,23137197,G,56017883,G,United States,Health Care and Social Assistance,400-499
0,62,18,1375,16434,749084,G,39424545,G,87278093,G,United States,Health Care and Social Assistance,500-749
0,62,19,699,11019,536666,G,28359609,G,69006606,G,United States,Health Care and Social Assistance,750-999
0,62,31,670,13760,704816,G,39876533,G,97361878,G,United States,Health Care and Social Assistance,"1,000-1,499"
0,62,22,379,8896,570190,G,36680122,G,85461695,G,United States,Health Care and Social Assistance,"1,500-1,999"
0,62,23,250,7008,480903,G,31483573,G,81012310,G,United States,Health Care and Social Assistance,"2,000-2,499"
0,62,24,460,19484,1441799,G,99309923,G,251003254,G,United States,Health Care and Social Assistance,"2,500-4,999"
0,62,25,526,109173,7426836,G,545949009,G,1504381867,G,United States,Health Care and Social Assistance,"5,000+"
0,71,2,96401,96505,117301,G,13636148,G,44016013,G,United States,"Arts, Entertainment, and Recreation",<5
0,71,3,18992,19170,125167,G,4576049,G,16920438,G,United States,"Arts, Entertainment, and Recreation",5-9
0,71,4,9554,9946,111464,G,3426314,G,12595026,G,United States,"Arts, Entertainment, and Recreation",10-14
0,71,5,5532,5708,92100,G,2531525,G,9092538,G,United States,"Arts, Entertainment, and Recreation",15-19
0,71,6,3427,3636,73491,G,2165424,G,7088734,G,United States,"Arts, Entertainment, and Recreation",20-24
0,71,7,2302,2461,60752,G,1757179,G,5546358,G,United States,"Arts, Entertainment, and Recreation",25-29
0,71,8,1701,1896,53409,G,2007397,G,5322950,G,United States,"Arts, Entertainment, and Recreation",30-34
0,71,9,1300,1469,47286,G,1334508,G,4474604,G,United States,"Arts, Entertainment, and Recreation",35-39
0,71,10,1823,2098,78180,G,2477784,G,8262950,G,United States,"Arts, Entertainment, and Recreation",40-49
0,71,11,2583,3196,150477,G,4730898,G,14455056,G,United States,"Arts, Entertainment, and Recreation",50-74
0,71,12,1230,1692,100073,G,3243111,G,10210367,G,United States,"Arts, Entertainment, and Recreation",75-99
0,71,13,1163,1740,131233,G,4684331,G,13998180,G,United States,"Arts, Entertainment, and Recreation",100-149
0,71,14,560,1052,86626,G,2996900,G,9082586,G,United States,"Arts, Entertainment, and Recreation",150-199
0,71,15,545,1236,114477,G,6773418,G,17030684,G,United States,"Arts, Entertainment, and Recreation",200-299
0,71,16,267,874,73711,G,6043573,G,13681659,G,United States,"Arts, Entertainment, and Recreation",300-399
0,71,17,162,537,60669,G,4880487,G,13142988,G,United States,"Arts, Entertainment, and Recreation",400-499
0,71,18,232,1163,103911,G,9566805,G,19369437,G,United States,"Arts, Entertainment, and Recreation",500-749
0,71,19,111,654,57962,G,5392530,G,14042425,G,United States,"Arts, Entertainment, and Recreation",750-999
0,71,31,127,1406,96467,G,7479933,G,20420742,G,United States,"Arts, Entertainment, and Recreation","1,000-1,499"
0,71,22,50,923,45145,G,1956621,G,6336242,G,United States,"Arts, Entertainment, and Recreation","1,500-1,999"
0,71,23,34,467,38649,G,1915622,G,7831132,H,United States,"Arts, Entertainment, and Recreation","2,000-2,499"
0,71,24,71,1258,80277,G,3359657,G,13783708,G,United States,"Arts, Entertainment, and Recreation","2,500-4,999"
0,71,25,123,3873,419530,G,13099794,G,60366577,G,United States,"Arts, Entertainment, and Recreation","5,000+"
0,72,2,214362,214951,347090,H,15161486,G,74074486,G,United States,Accommodation and Food Services,<5
0,72,3,114647,115186,768127,G,17646135,G,72556413,G,United States,Accommodation and Food Services,5-9
0,72,4,71114,72083,831878,G,19041475,G,66535086,G,United States,Accommodation and Food Services,10-14
0,72,5,46505,47704,775332,G,18032218,G,58355522,G,United States,Accommodation and Food Services,15-19
0,72,6,32067,33752,693403,G,16341764,G,50626602,G,United States,Accommodation and Food Services,20-24
0,72,7,21681,23318,576020,G,13736790,G,40771205,G,United States,Accommodation and Food Services,25-29
0,72,8,15208,17063,478467,G,11638347,G,32957794,G,United States,Accommodation and Food Services,30-34
0,72,9,10936,12615,398276,G,9746474,G,27616167,G,United States,Accommodation and Food Services,35-39
0,72,10,14213,17253,616786,G,15653336,G,42492982,G,United States,Accommodation and Food Services,40-49
0,72,11,15953,22272,932211,G,24054175,G,67287812,G,United States,Accommodation and Food Services,50-74
0,72,12,6074,10848,503163,G,13275455,G,38562587,G,United States,Accommodation and Food Services,75-99
0,72,13,4537,12309,519765,G,13597444,G,41906298,G,United States,Accommodation and Food Services,100-149
0,72,14,1904,7961,309406,G,7990242,G,26896481,G,United States,Accommodation and Food Services,150-199
0,72,15,1797,10903,398996,G,9981076,G,33736551,G,United States,Accommodation and Food Services,200-299
0,72,16,918,8447,290138,G,7421727,G,25260423,G,United States,Accommodation and Food Services,300-399
0,72,17,548,6474,218431,G,5592402,G,19383512,G,United States,Accommodation and Food Services,400-499
0,72,18,720,10787,386437,G,9705839,G,33555782,G,United States,Accommodation and Food Services,500-749
0,72,19,399,8213,291071,G,7247514,G,26348981,G,United States,Accommodation and Food Services,750-999
0,72,31,388,11043,390812,G,10209435,G,35509980,G,United States,Accommodation and Food Services,"1,000-1,499"
0,72,22,184,7025,248484,G,6274392,G,23228267,G,United States,Accommodation and Food Services,"1,500-1,999"
0,72,23,116,6135,192778,G,5065195,G,20054027,G,United States,Accommodation and Food Services,"2,000-2,499"
0,72,24,218,15508,541964,G,14847616,G,51960057,G,United States,Accommodation and Food Services,"2,500-4,999"
0,72,25,234,80006,3084443,H,80829865,G,291088878,G,United States,Accommodation and Food Services,"5,000+"
0,81,2,479121,479552,847238,G,29796947,G,135352584,G,United States,Other Services (except Public Administration),<5
0,81,3,138949,140381,903583,G,31036661,G,118201970,G,United States,Other Services (except Public Administration),5-9
0,81,4,45238,47000,524950,G,19305483,G,69869664,G,United States,Other Services (except Public Administration),10-14
0,81,5,20557,22336,342464,G,12968844,G,52869676,G,United States,Other Services (except Public Administration),15-19
0,81,6,11768,13503,254094,G,9561965,G,34205471,G,United States,Other Services (except Public Administration),20-24
0,81,7,7368,8996,195699,G,7428584,G,27286986,G,United States,Other Services (except Public Administration),25-29
0,81,8,4963,6375,155756,G,5965181,G,21926175,G,United States,Other Services (except Public Administration),30-34
0,81,9,3529,4808,127828,G,5147685,G,18391183,G,United States,Other Services (except Public Administration),35-39
0,81,10,4546,6703,194460,G,7931479,G,32679248,G,United States,Other Services (except Public Administration),40-49
0,81,11,5327,9049,304442,G,13020939,G,54710058,G,United States,Other Services (except Public Administration),50-74
0,81,12,2263,5151,179736,G,8171872,G,35861085,G,United States,Other Services (except Public Administration),75-99
0,81,13,1907,5132,201921,G,9615755,G,55024674,G,United States,Other Services (except Public Administration),100-149
0,81,14,867,3158,121702,G,6530189,G,39993014,H,United States,Other Services (except Public Administration),150-199
0,81,15,833,4533,149168,G,8153236,G,33199313,G,United States,Other Services (except Public Administration),200-299
0,81,16,355,2274,81337,G,4404560,G,20864881,G,United States,Other Services (except Public Administration),300-399
0,81,17,245,1533,64931,G,4284924,G,16892174,G,United States,Other Services (except Public Administration),400-499
0,81,18,315,4237,103659,G,5570136,G,19026802,G,United States,Other Services (except Public Administration),500-749
0,81,19,184,1772,64965,G,3618490,G,13703132,G,United States,Other Services (except Public Administration),750-999
0,81,31,193,3632,85492,G,5355726,G,24956632,H,United States,Other Services (except Public Administration),"1,000-1,499"
0,81,22,105,4487,65502,H,2984383,G,13011756,G,United States,Other Services (except Public Administration),"1,500-1,999"
0,81,23,85,2355,57507,G,2520489,G,7651328,G,United States,Other Services (except Public Administration),"2,000-2,499"
0,81,24,169,3630,101920,G,6067119,G,18719309,G,United States,Other Services (except Public Administration),"2,500-4,999"
0,81,25,349,17239,343633,G,18751426,G,67992035,G,United States,Other Services (except Public Administration),"5,000+"
0,99,2,7928,7928,6425,J,400281,G,2635468,G,United States,Industries not classified,<5
0,99,3,404,404,2540,G,79029,G,480440,G,United States,Industries not classified,5-9
0,99,4,93,93,1083,G,26838,H,148715,H,United States,Industries not classified,10-14
0,99,5,33,33,566,H,13794,H,80234,H,United States,Industries not classified,15-19
0,99,6,12,12,250,G,5939,H,33541,G,United States,Industries not classified,20-24
0,99,7,8,8,203,J,5743,J,29780,J,United States,Industries not classified,25-29
0,99,8,8,8,261,G,7036,H,41312,H,United States,Industries not classified,30-34
0,99,9,3,3,107,H,1165,G,7147,G,United States,Industries not classified,35-39
0,99,10,9,9,417,G,15002,H,91946,H,United States,Industries not classified,40-49
